_id,isPb,wpm,acc,rawWpm,consistency,charStats,mode,mode2,quoteLength,restartCount,testDuration,afkDuration,incompleteTestSeconds,punctuation,numbers,language,funbox,difficulty,lazyMode,blindMode,bailedOut,tags,timestamp
6690532a9b66a9bab0855b8d,,109.36,100,109.36,70.07,75;0;0;0,quote,6828,0,19,8.23,0,52.54,false,false,english,none,master,false,false,false,,1720734506000
669052239b66a9bab08554fe,,92.98,100,92.98,72.36,72;0;0;0,quote,5629,0,3,9.29,0,3.9,false,false,english,none,master,false,false,false,,1720734243000
669052109b66a9bab0855474,,90.4,100,90.4,52.99,38;0;0;0,quote,5269,0,0,5.04,0,0,false,false,english,none,master,false,false,false,,1720734224000
669052099b66a9bab085544f,,83.22,100,83.22,56.43,35;0;0;0,quote,5286,0,18,5.05,0,43.16,false,false,english,none,master,false,false,false,,1720734217000
6690321e9b66a9bab0846789,,103.99,100,103.99,73.69,41;0;0;0,quote,6842,0,21,4.73,0,32.17,false,false,english,none,master,false,false,false,,1720726046000
66901a8e9b66a9bab0838eae,,98.63,100,98.63,84.67,88;0;0;0,quote,3416,0,8,10.71,0,19.41,false,false,english,none,master,false,false,false,,1720720014000
66901a5c9b66a9bab0838ceb,,87.01,100,87.01,50.22,73;0;0;0,quote,6477,0,2,10.07,0,11.89,false,false,english,none,master,false,false,false,,1720719964000
66901a419b66a9bab0838be1,,104.74,100,104.74,81.33,69;0;0;0,quote,1554,0,20,7.91,0,34.43,false,false,english,none,master,false,false,false,,1720719937000
6690199e9b66a9bab08385b7,,93.08,100,93.08,68.17,60;0;0;0,quote,5301,0,18,7.74,0,58.3,false,false,english,none,master,false,false,false,,1720719774000
668fd7c69b66a9bab080c246,,104.53,100,104.53,68.96,96;0;0;0,quote,288,0,3,11.02,0,9.69,false,false,english,none,master,false,false,false,,1720702918000
668fcd4a9b66a9bab08056ed,,100.39,100,100.39,67.72,54;0;0;0,quote,5680,0,8,6.45,0,14.11,false,false,english,none,master,false,false,false,,1720700234000
668fcd269b66a9bab080559f,,99.06,100,99.06,60.03,51;0;0;0,quote,621,0,8,6.18,0,23.1,false,false,english,none,master,false,false,false,,1720700198000
668fccf69b66a9bab08053d6,,100.75,100,100.75,65.5,94;0;0;0,quote,5044,0,13,11.2,0,22.17,false,false,english,none,master,false,false,false,,1720700150000
668fccbf9b66a9bab08051c5,,107.9,100,107.9,77.52,85;0;0;0,quote,6429,0,0,9.45,0,0,false,false,english,none,master,false,false,false,,1720700095000
668fccb19b66a9bab080513b,,107.26,100,107.26,63.6,90;0;0;0,quote,5618,0,2,10.07,0,9.98,false,false,english,none,master,false,false,false,,1720700081000
668ef0619b66a9bab079d30f,,97.19,100,97.19,61.06,100;0;0;0,quote,263,0,9,12.35,0,20.02,false,false,english,none,master,false,false,false,,1720643681000
668eee4f9b66a9bab079c501,,93.62,100,93.62,70.14,83;0;0;0,quote,2050,0,3,10.64,0,14.73,false,false,english,none,master,false,false,false,,1720643151000
668eeac79b66a9bab079a968,,125.16,100,125.16,88.65,71;0;0;0,quote,5824,0,3,6.81,0,5.63,false,false,english,none,master,false,false,false,,1720642247000
668eeab39b66a9bab079a8bd,,123.75,100,123.75,82.3,59;0;0;0,quote,733,0,1,5.72,0,0.8,false,false,english,none,master,false,false,false,,1720642227000
668eeaaa9b66a9bab079a863,,105.02,100,105.02,79.51,74;0;0;0,quote,6427,0,6,8.46,0,12.39,false,false,english,none,master,false,false,false,,1720642218000
668eea819b66a9bab079a742,,132.67,100,132.67,59.37,57;0;0;0,quote,6844,0,5,5.16,0,18.06,false,false,english,none,master,false,false,false,,1720642177000
668ec9b89b66a9bab0788416,,89.65,100,89.65,70.23,41;0;0;0,quote,6842,0,4,5.49,0,17.4,false,false,english,none,master,false,false,false,,1720633784000
668ebd5b9b66a9bab0780563,,120.56,100,120.56,82.89,29;0;0;0,quote,5398,0,47,2.89,0,133.44,false,false,english,none,master,false,false,false,,1720630619000
668ebc8c9b66a9bab077fd3e,,108.1,100,108.1,72.75,84;0;0;0,quote,6836,0,32,9.32,0,76.63,false,false,english,none,master,false,false,false,,1720630412000
668ebc079b66a9bab077f7dc,,98.94,100,98.94,62.54,91;0;0;0,quote,2431,0,21,11.04,0,35.71,false,false,english,none,master,false,false,false,,1720630279000
668ebbb89b66a9bab077f47c,,98.27,100,98.27,65.71,74;0;0;0,quote,2149,0,19,9.04,0,38.22,false,false,english,none,master,false,false,false,,1720630200000
668ebb6e9b66a9bab077f135,,101.91,100,101.91,74.08,73;0;0;0,quote,4737,0,3,8.6,0,6.23,false,false,english,none,master,false,false,false,,1720630126000
668ebb589b66a9bab077f05b,,95.9,100,95.9,73.66,87;0;0;0,quote,1399,0,3,10.89,0,13.65,false,false,english,none,master,false,false,false,,1720630104000
668ebb399b66a9bab077ef27,,100.08,100,100.08,83.25,66;0;0;0,quote,6147,0,11,7.91,0,19.1,false,false,english,none,master,false,false,false,,1720630073000
668ebb0d9b66a9bab077ed6e,,89.14,100,89.14,62.04,71;0;0;0,quote,6813,0,15,9.56,0,36.36,false,false,english,none,master,false,false,false,,1720630029000
668ebac99b66a9bab077eaa0,,83.37,100,83.37,75.62,58;0;0;0,quote,5138,0,23,8.35,0,57.58,false,false,english,none,master,false,false,false,,1720629961000
668e8cd49b66a9bab075da61,,99.06,100,99.06,58.75,50;0;0;0,quote,41,0,0,6.06,0,0,false,false,english,none,master,false,false,false,,1720618196000
668e8ccc9b66a9bab075da06,,99.69,100,99.69,63.03,50;0;0;0,quote,41,0,100,6.02,0,372.96,false,false,english,none,master,false,false,false,,1720618188000
668e894b9b66a9bab075b2d0,,112.32,100,112.32,81.94,44;0;0;0,quote,3814,0,12,4.7,0,54.87,false,false,english,none,master,false,false,false,,1720617291000
668e85b09b66a9bab0758a23,,101.44,100,101.44,72.07,62;0;0;0,quote,754,0,2,7.33,0,8.55,false,false,english,none,master,false,false,false,,1720616368000
668e85409b66a9bab0758549,,80.56,100,80.56,61.31,62;0;0;0,quote,6417,0,13,9.24,0,15.62,false,false,english,none,master,false,false,false,,1720616256000
668e85099b66a9bab07582db,,117.1,100,117.1,86.48,44;0;0;0,quote,3814,0,0,4.51,0,0,false,false,english,none,master,false,false,false,,1720616201000
668e85039b66a9bab0758292,,89.12,100,89.12,61.58,53;0;0;0,quote,1270,0,14,7.14,0,29.35,false,false,english,none,master,false,false,false,,1720616195000
668e84b69b66a9bab0757f4d,,99.44,100,99.44,81.59,74;0;0;0,quote,4309,0,13,8.93,0,18.59,false,false,english,none,master,false,false,false,,1720616118000
668e84849b66a9bab0757d0d,,93.9,100,93.9,68.53,95;0;0;0,quote,5264,0,3,12.14,0,4.45,false,false,english,none,master,false,false,false,,1720616068000
668e846a9b66a9bab0757bdb,,108.98,100,108.98,88.07,80;0;0;0,quote,248,0,0,8.81,0,0,false,false,english,none,master,false,false,false,,1720616042000
668e845d9b66a9bab0757b36,,114.98,100,114.98,82.11,86;0;0;0,quote,6541,0,7,8.98,0,18.49,false,false,english,none,master,false,false,false,,1720616029000
668e842d9b66a9bab07578eb,,100.51,100,100.51,88.08,89;0;0;0,quote,2362,0,5,10.63,0,8.39,false,false,english,none,master,false,false,false,,1720615981000
668e840b9b66a9bab0757772,,116.27,100,116.27,84.72,67;0;0;0,quote,6,0,5,6.91,0,15.76,false,false,english,none,master,false,false,false,,1720615947000
668e83e39b66a9bab07575d2,,112.99,100,112.99,77.6,69;0;0;0,quote,408,0,0,7.33,0,0,false,false,english,none,master,false,false,false,,1720615907000
668e83d99b66a9bab0757566,,95.3,100,95.3,76.35,100;0;0;0,quote,263,0,2,12.59,0,7.49,false,false,english,none,master,false,false,false,,1720615897000
668e83bc9b66a9bab0757429,,108.12,100,108.12,84.73,60;0;0;0,quote,6314,0,2,6.66,0,3.36,false,false,english,none,master,false,false,false,,1720615868000
668e83a99b66a9bab0757368,,96.94,100,96.94,80.32,54;0;0;0,quote,5452,0,6,6.68,0,10.77,false,false,english,none,master,false,false,false,,1720615849000
668e83599b66a9bab0756ff2,,103.82,100,103.82,83.4,100;0;0;0,quote,6618,0,2,11.56,0,4.37,false,false,english,none,normal,false,false,false,,1720615769000
668e83389b66a9bab0756e47,,90.55,100,90.55,76.78,58;0;0;0,quote,1471,0,298,7.69,0,1220.91,false,false,english,none,master,false,false,false,,1720615736000
668be8428fe0103e5f7c8d73,,95.19,88.81,101.58,67.43,238;6;1;0,time,30,-1,2,30,0,4.93,false,false,english,none,normal,false,false,false,,1720444994000
668be81c8fe0103e5f7c8bb2,,98.39,95.42,98.39,71.05,246;0;0;0,time,30,-1,3,30,0,5.27,false,false,english,none,normal,false,false,false,,1720444956000
668be7f68fe0103e5f7c89e7,,110.39,95.88,111.59,77.87,276;0;0;1,time,30,-1,6,30,0,16.69,false,false,english,none,normal,false,false,false,,1720444918000
668be6738fe0103e5f7c78eb,,83.59,100,83.59,69.5,113;0;0;0,quote,2147,1,42,16.22,0,199.42,false,false,english,none,master,false,false,false,,1720444531000
668be2558fe0103e5f7c4924,,86.65,100,86.65,79.24,173;0;0;0,quote,817,1,115,23.96,0,507.26,false,false,english,none,master,false,false,false,,1720443477000
668bdf498fe0103e5f7c2878,,84.47,100,84.47,76.46,125;0;0;0,quote,4322,1,14,17.76,0,83.05,false,false,english,none,master,false,false,false,,1720442697000
668bde968fe0103e5f7c2138,,102.39,96.97,102.39,79.59,256;0;0;0,time,30,-1,0,30,0,0,false,false,english,none,normal,false,false,false,,1720442518000
668bde768fe0103e5f7c2009,,92.79,94.8,92.79,65.74,232;0;0;0,time,30,-1,4,30,0,11.71,false,false,english,none,normal,false,false,false,,1720442486000
668bde488fe0103e5f7c1e26,,105.58,96.35,106.38,74.92,264;2;0;0,time,30,-1,0,30,0,0,false,false,english,none,normal,false,false,false,,1720442440000
668bde288fe0103e5f7c1cfd,,103.59,95.26,103.59,70.93,259;0;0;0,time,30,-1,1,30,0,0.64,false,false,english,none,normal,false,false,false,,1720442408000
668b31478fe0103e5f76946c,,90.39,96.31,90.39,66.9,226;0;0;0,time,30,-1,1,30,0,2.95,false,false,english,none,normal,false,false,false,,1720398151000
668b31238fe0103e5f7693ab,,93.19,96.75,93.19,74.34,233;0;0;0,time,30,-1,0,30,0,0,false,false,english,none,normal,false,false,false,,1720398115000
668b30fe8fe0103e5f7692df,,105.59,98.88,105.59,74.65,264;0;0;0,time,30,-1,0,30,0,0,false,false,english,none,normal,false,false,false,,1720398078000
668a99628fe0103e5f7216c8,,94.79,94.92,95.99,70.4,237;1;0;0,time,30,-1,0,30,0,0,false,false,english,none,normal,false,false,false,,1720359266000
668a95e88fe0103e5f71f816,,94.79,93.85,95.99,68.57,237;1;0;0,time,30,-1,1,30,0,4.43,false,false,english,none,normal,false,false,false,,1720358376000
6689e57b8fe0103e5f6d4822,,87.99,95.69,87.99,68.17,220;0;0;0,time,30,-1,1,30,0,0.86,false,false,english,none,normal,false,false,false,,1720313211000
6689de358fe0103e5f6d2969,,87.59,97.83,89.99,72.78,219;0;0;1,time,30,-1,0,30,0,0,false,false,english,none,normal,false,false,false,,1720311349000
6689de158fe0103e5f6d28e6,,90.39,96.58,90.39,77.7,226;0;0;0,time,30,-1,0,30,0,0,false,false,english,none,normal,false,false,false,,1720311317000
6689ddf58fe0103e5f6d2859,,93.99,97.51,93.99,75.42,235;0;0;0,time,30,-1,0,30,0,0,false,false,english,none,normal,false,false,false,,1720311285000
6689ddd68fe0103e5f6d27c0,,107.19,100,107.19,82.43,268;0;0;0,time,30,-1,0,30,0,0,false,false,english,none,normal,false,false,false,,1720311254000
6689dcc88fe0103e5f6d230f,,54.79,95.33,57.99,17.51,137;1;0;0,time,30,-1,0,30,11,0,false,false,english,none,normal,false,false,false,,1720310984000
6689dca48fe0103e5f6d2269,,88.79,98.29,91.99,74.06,222;0;0;1,time,30,-1,0,30,0,0,false,false,english,none,normal,false,false,false,,1720310948000
6689dc848fe0103e5f6d21e4,,83.99,95.96,83.99,65.33,210;0;0;0,time,30,-1,0,30,0,0,false,false,english,none,normal,false,false,false,,1720310916000
6689dc648fe0103e5f6d2164,,81.6,93.67,81.6,65.76,204;0;0;0,time,30,-1,0,30,0,0,false,false,english,none,normal,false,false,false,,1720310884000
66896a6b8fe0103e5f6a41f0,,107.59,97.11,107.59,78.22,269;0;0;0,time,30,-1,3,30,0,7.23,false,false,english,none,normal,false,false,false,,1720281707000
66881ddd8fe0103e5f60fd34,,109.58,98.92,109.58,80.09,274;0;0;0,time,30,-1,0,30,0,0,false,false,english,none,normal,false,false,false,,1720196573000
66881dbe8fe0103e5f60fc0b,,101.19,95.11,101.19,71.51,253;0;0;0,time,30,-1,1,30,0,11.17,false,false,english,none,normal,false,false,false,,1720196542000
6688173e8fe0103e5f60bda8,,101.98,95.19,101.98,75.49,255;0;0;0,time,30,-1,1,30.01,0,1.11,false,false,english,none,normal,false,false,false,,1720194878000
6688171d8fe0103e5f60bc5c,,87.59,92.34,91.19,63.86,219;2;0;0,time,30,-1,1,30,0,0.39,false,false,english,none,normal,false,false,false,,1720194845000
668816fc8fe0103e5f60bb31,,106.39,98.53,106.39,75.02,266;0;0;0,time,30,-1,0,30,0,0,false,false,english,none,normal,false,false,false,,1720194812000
668816bf8fe0103e5f60b8c0,,93.99,95.93,93.99,71.42,235;0;0;0,time,30,-1,3,30,0,15.02,false,false,english,none,normal,false,false,false,,1720194751000
668816878fe0103e5f60b67d,,91.99,94.33,91.99,60.15,230;0;0;0,time,30,-1,0,30,0,0,false,false,english,none,normal,false,false,false,,1720194695000
6687fffe8fe0103e5f5fc5a7,,99.59,96.89,99.59,77.51,249;0;0;0,time,30,-1,1,30,0,3.59,false,false,english,none,normal,false,false,false,,1720188926000
6687ffd88fe0103e5f5fc3b6,,96.78,95.65,97.18,76.95,242;1;0;0,time,30,-1,0,30.01,0,0,false,false,english,none,normal,false,false,false,,1720188888000
6687fb548fe0103e5f5f8f7f,,89.99,94.69,92.79,75.49,225;2;0;0,time,30,-1,0,30,0,0,false,false,english,none,normal,false,false,false,,1720187732000
6687fb358fe0103e5f5f8e3c,,94.38,94.47,95.98,71.83,236;2;0;0,time,30,-1,0,30.01,0,0,false,false,english,none,normal,false,false,false,,1720187701000
6687ebf78fe0103e5f5ef213,,85.59,95.98,85.59,71.97,214;0;0;0,time,30,-1,2,30,0,9.05,false,false,english,none,normal,false,false,false,,1720183799000
6687ebcd8fe0103e5f5ef06d,,94.39,93.44,97.19,70.47,236;2;0;1,time,30,-1,3,30,0,6.88,false,false,english,none,normal,false,false,false,,1720183757000
6687e7f38fe0103e5f5ecac0,,99.19,95.52,101.19,70.97,248;0;0;1,time,30,-1,1,30,0,0.04,false,false,english,none,normal,false,false,false,,1720182771000
6687df618fe0103e5f5e7953,,94.78,97.19,97.18,77.32,237;0;0;1,time,30,-1,1,30.01,0,13.86,false,false,english,none,normal,false,false,false,,1720180577000
6687df308fe0103e5f5e779b,,101.98,99.22,101.98,79.63,255;0;0;0,time,30,-1,4,30.01,0,45.14,false,false,english,none,normal,false,false,false,,1720180528000
6687dee08fe0103e5f5e74bb,,97.18,91.61,102.78,69.59,243;5;0;3,time,30,-1,2,30.01,0,14.5,false,false,english,none,normal,false,false,false,,1720180448000
6687deb08fe0103e5f5e72f1,,109.98,96.21,111.98,75.18,275;1;0;1,time,30,-1,2,30,0,2.95,false,false,english,none,normal,false,false,false,,1720180400000
6687cdbf82c1af7317d33399,,101.19,94.83,101.19,69.69,253;0;0;0,time,30,-1,0,30,0,0,false,false,english,none,normal,false,false,false,,1720176063000
6687cd8c82c1af7317d331e7,,84.38,92.5,91.18,68.22,211;6;0;1,time,30,-1,0,30.01,0,0,false,false,english,none,normal,false,false,false,,1720176012000
6687cd5582c1af7317d32ff2,,97.19,99.59,97.19,82.12,243;0;0;0,time,30,-1,0,30,0,0,false,false,english,none,normal,false,false,false,,1720175957000
6687cd3682c1af7317d32ec3,,86.39,92.12,89.99,69.94,216;2;0;0,time,30,-1,4,30,0,24.66,false,false,english,none,normal,false,false,false,,1720175926000
668612552bf96eebd6e97f96,,89.59,92.64,99.99,68.29,224;8;0;2,time,30,-1,2,30,0,2.29,false,false,english,none,normal,false,false,false,,1720062549000
668612322bf96eebd6e97e75,,93.59,93.77,95.99,70.99,234;0;1;0,time,30,-1,6,30,0,16.77,false,false,english,none,normal,false,false,false,,1720062514000
668611fc2bf96eebd6e97cce,,94,92.4,101.2,71.34,235;6;1;1,time,30,-1,4,30,0,8.08,false,false,english,none,normal,false,false,false,,1720062460000
668611d02bf96eebd6e97b7c,,97.99,93.26,101.99,72.27,245;4;0;0,time,30,-1,4,30,0,25.76,false,false,english,none,normal,false,false,false,,1720062416000
668611902bf96eebd6e97974,,98.38,96.11,99.98,74.48,246;2;1;0,time,30,-1,1,30,0,2.3,false,false,english,none,normal,false,false,false,,1720062352000
6686116d2bf96eebd6e9786e,,99.98,96.17,100.78,78.77,250;1;0;0,time,30,-1,3,30.01,0,23.02,false,false,english,none,normal,false,false,false,,1720062317000
668611352bf96eebd6e976f5,,100.39,96.17,100.39,72.3,251;0;0;0,time,30,-1,0,30,0,0,false,false,english,none,normal,false,false,false,,1720062261000
668611152bf96eebd6e9762b,,91.98,94.72,93.98,76.35,230;2;0;0,time,30,-1,1,30.01,0,3.15,false,false,english,none,normal,false,false,false,,1720062229000
668610ef2bf96eebd6e9753a,,92.39,93.73,94.79,69.97,231;3;0;0,time,30,-1,6,30,0,23.56,false,false,english,none,normal,false,false,false,,1720062191000
668610a32bf96eebd6e97357,,103.98,99.24,103.98,86.47,260;0;0;0,time,30,-1,3,30.01,0,19.56,false,false,english,none,normal,false,false,false,,1720062115000
6686106d2bf96eebd6e971df,,107.18,99.63,107.18,81.23,268;0;0;0,time,30,-1,0,30,0,0,false,false,english,none,normal,false,false,false,,1720062061000
668610402bf96eebd6e970aa,,91.18,92.89,93.58,74.44,228;3;0;0,time,30,-1,1,30.01,0,0.72,false,false,english,none,normal,false,false,false,,1720062016000
668610202bf96eebd6e96fca,,94.39,92.72,99.59,73.1,236;4;1;0,time,30,-1,0,30,0,0,false,false,english,none,normal,false,false,false,,1720061984000
668610002bf96eebd6e96ef1,,90.79,94.69,93.59,74.11,227;1;0;1,time,30,-1,2,30,0,3.97,false,false,english,none,normal,false,false,false,,1720061952000
66860fdb2bf96eebd6e96dc1,,95.6,93.58,99.6,72.41,239;0;0;2,time,30,-1,2,30,0,1.8,false,false,english,none,normal,false,false,false,,1720061915000
66860f932bf96eebd6e96bb2,,87.59,93.67,89.59,74.61,219;2;0;0,time,30,-1,3,30,0,22.23,false,false,english,none,normal,false,false,false,,1720061843000
66860f592bf96eebd6e96a09,,103.18,95.96,104.78,74.38,258;0;0;1,time,30,-1,1,30.01,0,3.93,false,false,english,none,normal,false,false,false,,1720061785000
66860f352bf96eebd6e968fd,,93.59,96.03,97.19,67.97,234;1;0;1,time,30,-1,0,30,0,0,false,false,english,none,normal,false,false,false,,1720061749000
66860f0a2bf96eebd6e967ce,,89.98,94.69,91.58,72.06,225;0;0;1,time,30,-1,2,30.01,0,1.81,false,false,english,none,normal,false,false,false,,1720061706000
66860ee82bf96eebd6e966e5,,80.79,88.33,89.59,67.09,202;8;1;6,time,30,-1,4,30,0,9.73,false,false,english,none,normal,false,false,false,,1720061672000
6682e78671cb2c5f00bed4d5,,102.8,97.01,104.8,82.2,257;2;0;0,time,30,-1,5,30,0,50.95,false,false,english,none,normal,false,false,false,,1719854982000
6682e72f71cb2c5f00bed130,,102.79,95.9,102.79,71.84,257;0;0;0,time,30,-1,1,30,0,1.08,false,false,english,none,normal,false,false,false,,1719854895000
6682e70e71cb2c5f00becfdd,,89.19,93.39,89.19,70.33,223;0;0;0,time,30,-1,8,30,0,16.41,false,false,english,none,normal,false,false,false,,1719854862000
6682e69e71cb2c5f00becb87,,105.59,96.35,105.59,78.9,264;0;0;0,time,30,-1,5,30,0,19.99,false,false,english,none,normal,false,false,false,,1719854750000
6682e66171cb2c5f00bec8fe,,98.38,95.02,98.38,70.45,246;0;0;0,time,30,-1,1,30,0,1.18,false,false,english,none,normal,false,false,false,,1719854689000
6682e63f71cb2c5f00bec7b2,,96.79,94.21,96.79,69.87,242;0;0;0,time,30,-1,4,30,0,8.82,false,false,english,none,normal,false,false,false,,1719854655000
6682e61471cb2c5f00bec61c,,87.99,91.27,91.99,64.75,220;2;1;0,time,30,-1,3,30,0,6.43,false,false,english,none,normal,false,false,false,,1719854612000
6682e5e671cb2c5f00bec451,true,107.71,97.58,107.71,70.81,521;0;0;0,words,100,-1,10,58.04,0,42.35,false,false,english,none,normal,false,false,false,,1719854566000
6682dc2771cb2c5f00be5eff,,98.4,93.68,100.4,73.85,246;2;0;0,time,30,-1,1,30,0,1.22,false,false,english,none,normal,false,false,false,,1719852071000
6682dc0571cb2c5f00be5dae,,101.18,96.21,101.18,76.82,253;0;0;0,time,30,-1,0,30,0,0,false,false,english,none,normal,false,false,false,,1719852037000
6682dbe571cb2c5f00be5c77,,99.98,96.23,102.38,76.24,250;0;0;1,time,30,-1,7,30,0,41.86,false,false,english,none,normal,false,false,false,,1719852005000
6682db9471cb2c5f00be5923,,101.59,96.3,104.79,77.23,254;4;0;0,time,30,-1,2,30,0,4.5,false,false,english,none,normal,false,false,false,,1719851924000
6682b2416dc967ef98fa1e61,,95.58,95,99.98,77.05,239;1;1;3,time,30,-1,10,30.01,0,30.35,false,false,english,none,normal,false,false,false,,1719841345000
6682b1f56dc967ef98fa1b25,,93.18,92.69,98.38,73.97,233;4;1;1,time,30,-1,7,30.01,0,15.24,false,false,english,none,normal,false,false,false,,1719841269000
6682b1c06dc967ef98fa18ad,,92.39,92.78,97.58,66.6,231;1;0;2,time,30,-1,10,30,0,26.38,false,false,english,none,normal,false,false,false,,1719841216000
6682b17c6dc967ef98fa159f,,97.58,96.11,97.58,73.78,244;0;0;0,time,30,-1,9,30.01,0,34.31,false,false,english,none,normal,false,false,false,,1719841148000
6682b12e6dc967ef98fa11e9,true,112.79,99.65,112.79,83.42,282;0;0;0,time,30,-1,2,30,0,2.37,false,false,english,none,normal,false,false,false,,1719841070000
667c44aa6dc967ef98c8dd06,,83.99,76.41,109.18,55.59,210;24;24;1,time,30,-1,0,30,0,0,false,false,english,none,normal,false,false,false,,1719420074000
667c442e6dc967ef98c8d806,,59.59,93.17,59.99,35.62,149;1;0;0,time,30,-1,0,30.01,2,0,false,false,english,none,normal,false,false,false,,1719419950000
667b15076dc967ef98be8aed,,77.98,90.13,79.58,65.68,195;0;0;1,time,30,-1,3,30.01,0,6.33,false,false,english,none,normal,false,false,false,,1719342343000
667b01c46dc967ef98bdd107,,92.38,92.94,94.38,68.04,231;2;0;0,time,30,-1,3,30.01,0,7.81,false,false,english,none,normal,false,false,false,,1719337412000
667b018f6dc967ef98bdceed,,101.59,96.59,101.59,71.05,254;0;0;0,time,30,-1,0,30,0,0,false,false,english,none,normal,false,false,false,,1719337359000
6679d6996dc967ef98b39e76,,98.39,95.72,98.79,79.63,246;1;0;0,time,30,-1,7,30,0,51.72,false,false,english,none,normal,false,false,false,,1719260825000
6679d6416dc967ef98b39ba5,,99.17,96.5,99.17,79.85,248;0;0;0,time,30,-1,2,30.01,0,9.05,false,false,english,none,normal,false,false,false,,1719260737000
6679d6176dc967ef98b39a4e,,105.59,97.83,107.99,82.16,264;0;0;1,time,30,-1,1,30,0,4.44,false,false,english,none,normal,false,false,false,,1719260695000
6679ab236dc967ef98b21120,,107.59,96.43,107.59,73.42,269;0;0;0,time,30,-1,0,30,0,0,false,false,english,none,normal,false,false,false,,1719249699000
667985be6dc967ef98b07120,,99.59,96.9,99.59,77.21,249;0;0;0,time,30,-1,3,30,0,14.4,false,false,english,none,normal,false,false,false,,1719240126000
667983b76dc967ef98b05962,,86.79,94.42,86.79,68,217;0;0;0,time,30,-1,10,30,0,35.72,false,false,english,none,normal,false,false,false,,1719239607000
6679836c6dc967ef98b055d2,,92.39,94.82,93.59,69.38,231;1;0;0,time,30,-1,1,30,0,2.12,false,false,english,none,normal,false,false,false,,1719239532000
667977466dc967ef98afc131,,96.78,94.96,97.58,78.86,242;1;0;0,time,30,-1,1,30.01,0,0.64,false,false,english,none,normal,false,false,false,,1719236422000
667977256dc967ef98afbfae,,99.98,96.58,101.58,75.95,250;0;0;1,time,30,-1,6,30.01,0,52.22,false,false,english,none,normal,false,false,false,,1719236389000
667719d36dc967ef989e2ce6,,99.98,96.65,104.78,75.49,250;0;2;0,time,30,-1,1,30.01,0,14.56,false,false,english,none,normal,false,false,false,,1719081427000
667719a56dc967ef989e2b7c,,89.6,92.28,89.6,65.17,224;0;0;0,time,30,-1,3,30,0,3.08,false,false,english,none,normal,false,false,false,,1719081381000
6676c7c26dc967ef989b6d76,,86.78,93.22,86.78,65.31,217;0;0;0,time,30,-1,6,30.01,0,13.47,false,false,english,none,normal,false,false,false,,1719060418000
6663b017338802e28dcd993b,,103.19,94.91,105.59,79.29,258;2;1;0,time,30,-1,8,30,0,48.6,false,false,english,none,normal,false,false,false,,1717809175000
66638354338802e28dccb0e9,,107.58,98.18,107.58,79.28,269;0;0;0,time,30,-1,4,30.01,0,7.55,false,false,english,none,normal,false,false,false,,1717797716000
666341f1338802e28dca7c55,,94.39,93.8,99.19,70.96,236;3;2;0,time,30,-1,15,30,0,75.72,false,false,english,none,normal,false,false,false,,1717780976000
66634179338802e28dca772f,,100.39,94.8,103.19,77.79,251;2;0;1,time,30,-1,6,30,0,21.31,false,false,english,none,normal,false,false,false,,1717780857000
6661ff30338802e28dbf489d,,95.59,95.72,100.39,72.1,239;3;0;5,time,30,-1,4,30,0,4.61,false,false,english,none,normal,false,false,false,,1717698352000
6661ff09338802e28dbf470b,,99.98,94.44,102.78,72.48,250;2;0;0,time,30,-1,0,30.01,0,0,false,false,english,none,normal,false,false,false,,1717698313000
6661ebc8338802e28dbe6cb2,,107.98,97.12,107.98,77.72,270;0;0;0,time,30,-1,12,30,0,41.17,false,false,english,none,normal,false,false,false,,1717693384000
6661eb6d338802e28dbe6864,,99.97,92.25,112.77,78.92,125;4;2;1,time,15,-1,2,15,0,6.77,false,false,english,none,normal,false,false,false,,1717693293000
6661eb54338802e28dbe6733,,115.17,100,115.17,79.95,144;0;0;0,time,15,-1,3,15,0,2.7,false,false,english,none,normal,false,false,false,,1717693268000
6661eb3f338802e28dbe6630,,115.98,99.32,115.98,80.7,145;0;0;0,time,15,-1,2,15,0,2.96,false,false,english,none,normal,false,false,false,,1717693247000
6661eb29338802e28dbe6536,,115.14,97.3,115.14,74.13,144;0;0;0,time,15,-1,20,15.01,0,61.45,false,false,english,none,normal,false,false,false,,1717693225000
6661cc34338802e28dbcef45,,92.76,88.73,111.15,79.64,116;8;1;0,time,15,-1,2,15.01,0,2.23,false,false,english,none,normal,false,false,false,,1717685299000
6661cc1e338802e28dbcee27,,99.18,92.86,108.78,77.3,124;3;1;0,time,15,-1,4,15,0,6.05,false,false,english,none,normal,false,false,false,,1717685278000
6661cc04338802e28dbcecce,,100.77,95.49,100.77,73.67,126;0;0;0,time,15,-1,1,15,0,5.75,false,false,english,none,normal,false,false,false,,1717685252000
6661caa8338802e28dbcdc32,,107.99,97.83,107.99,82.61,135;0;0;0,time,15,-1,6,15,0,7.77,false,false,english,none,normal,false,false,false,,1717684903000
6661ca8b338802e28dbcdac7,,95.17,95.42,103.97,76.18,119;3;0;0,time,15,-1,5,15,0,17.13,false,false,english,none,normal,false,false,false,,1717684875000
6661ca65338802e28dbcd8b9,,100.79,96.95,100.79,82.53,126;0;0;0,time,15,-1,6,15,0,13.37,false,false,english,none,normal,false,false,false,,1717684837000
6661ca43338802e28dbcd6d0,,116.79,97.33,117.59,78.71,146;1;0;0,time,15,-1,1,15,0,2.22,false,false,english,none,normal,false,false,false,,1717684802000
666092f6ca2df50192a8abc6,,101.59,94.24,110.39,77.55,127;4;1;1,time,15,-1,0,15,0,0,false,false,english,none,normal,false,false,false,,1717605110000
666092e6ca2df50192a8aaf3,,98.37,92.81,105.57,74.93,123;2;0;0,time,15,-1,2,15,0,5.72,false,false,english,none,normal,false,false,false,,1717605094000
666092cdca2df50192a8a9c4,,91.98,92.86,95.98,78.79,115;2;0;0,time,15,-1,1,15,0,3.31,false,false,english,none,normal,false,false,false,,1717605069000
666092b9ca2df50192a8a89c,,101.58,94.93,105.58,79.3,127;0;0;1,time,15,-1,5,15,0,11.49,false,false,english,none,normal,false,false,false,,1717605049000
66609297ca2df50192a8a6e4,,107.97,97.83,107.97,76.45,135;0;0;0,time,15,-1,9,15,0,15.18,false,false,english,none,normal,false,false,false,,1717605015000
66609270ca2df50192a8a4db,,111.16,96.53,111.16,78.89,139;0;0;0,time,15,-1,12,15.01,0,54.06,false,false,english,none,normal,false,false,false,,1717604976000
6660921fca2df50192a8a084,,82.39,91.23,82.39,65.76,103;0;0;0,time,15,-1,0,15,0,0,false,false,english,none,normal,false,false,false,,1717604895000
66609210ca2df50192a89fb7,,114.37,96.75,123.17,86.47,143;3;0;1,time,15,-1,2,15,0,6.54,false,false,english,none,normal,false,false,false,,1717604880000
666080bdca2df50192a7ca17,,106.39,96.45,110.39,79.89,133;0;1;0,time,15,-1,1,15,0,1.2,false,false,english,none,normal,false,false,false,,1717600445000
666080abca2df50192a7c932,,103.2,96.27,103.2,78.97,129;0;0;0,time,15,-1,1,15,0,10.54,false,false,english,none,normal,false,false,false,,1717600427000
6660808fca2df50192a7c7f4,true,120.79,97.42,122.39,82.45,151;2;0;0,time,15,-1,1,15,0,3.64,false,false,english,none,normal,false,false,false,,1717600399000
665df687ca2df501928fe8bd,,103.98,97.79,107.98,80.91,130;1;0;0,time,15,-1,11,15,0,40.7,false,false,english,none,normal,false,false,false,,1717433991000
665de80aca2df501928f3658,,95.98,93.57,109.58,74.75,120;3;2;1,time,15,-1,12,15,0,20.9,false,false,english,none,normal,false,false,false,,1717430282000
665de7daca2df501928f33dc,,106.37,97.12,109.57,79.35,133;2;0;0,time,15,-1,27,15,0,64.87,false,false,english,none,normal,false,false,false,,1717430234000
665de772ca2df501928f2ec8,,106.4,97.86,112,81.37,133;0;3;0,time,15,-1,2,15,0,2.61,false,false,english,none,normal,false,false,false,,1717430130000
665de75dca2df501928f2db4,,96.77,89.13,105.56,80.08,121;6;1;0,time,15,-1,9,15.01,0,22.03,false,false,english,none,normal,false,false,false,,1717430109000
665de72cca2df501928f2b50,,103.17,97.01,103.17,73.68,129;0;0;0,time,15,-1,7,15,0,15.08,false,false,english,none,normal,false,false,false,,1717430060000
665de706ca2df501928f2939,true,107.16,95.74,110.36,81.45,134;3;0;0,time,15,-1,4,15.01,0,12.12,false,false,english,none,normal,false,false,false,,1717430022000
665de6e5ca2df501928f2785,,104.78,97.1,108.78,77.13,131;2;0;0,time,15,-1,8,15,0,14.39,false,false,english,none,normal,false,false,false,,1717429989000
665de6c0ca2df501928f2598,,98.38,96.09,98.38,66.35,123;0;0;0,time,15,-1,9,15,0,39.92,false,false,english,none,normal,false,false,false,,1717429952000
665de681ca2df501928f2238,,100.77,97.71,100.77,73.08,126;0;0;0,time,15,-1,5,15,0,17.47,false,false,english,none,normal,false,false,false,,1717429889000
665de65cca2df501928f2072,,102.37,96.32,106.37,74.38,128;1;0;0,time,15,-1,2,15,0,3.39,false,false,english,none,normal,false,false,false,,1717429852000
665de646ca2df501928f1f60,,99.18,96.21,102.38,82.79,124;2;0;0,time,15,-1,2,15,0,4.34,false,false,english,none,normal,false,false,false,,1717429830000
665de5f5ca2df501928f1b4b,true,105.58,99.26,107.98,85.37,132;1;0;0,time,15,-1,7,15,0,14.03,false,false,english,none,normal,false,false,false,,1717429749000
665de542ca2df501928f1208,,95.99,96.41,95.99,77.01,240;0;0;0,time,30,-1,2,30,0,8.89,false,false,english,none,normal,false,false,false,,1717429570000
665de518ca2df501928f0fcf,,87.19,95.22,87.19,67.12,218;0;0;0,time,30,-1,2,30,0,10.99,false,false,english,none,normal,false,false,false,,1717429528000
665db91c3f4cde2f9d1b5385,,83.58,94.17,84.78,62.65,209;2;0;0,time,30,-1,0,30.01,0,0,false,false,english,none,normal,false,false,false,,1717418268000
665db8fc3f4cde2f9d1b5225,,87.59,97.33,87.59,75.96,219;0;0;0,time,30,-1,9,30,0,79.22,false,false,english,none,normal,false,false,false,,1717418236000
665db8843f4cde2f9d1b4c6e,,82.8,93.33,84.8,70.84,207;2;0;0,time,30,-1,1,30,0,0.53,false,false,english,none,normal,false,false,false,,1717418116000
665db8643f4cde2f9d1b4af8,,86.8,96.46,86.8,75.11,217;0;0;0,time,30,-1,7,30,0,24.36,false,false,english,none,normal,false,false,false,,1717418084000
665db8243f4cde2f9d1b4811,,95.19,98.76,95.19,78.54,238;0;0;0,time,30,-1,7,30,0,19.64,false,false,english,none,normal,false,false,false,,1717418020000
6659cb6a3f4cde2f9dfc5232,,70.39,90.91,75.19,58.51,176;0;0;2,time,30,-1,5,30,1,22.73,false,false,english,none,normal,false,false,false,,1717160810000
6659c7013f4cde2f9dfc22e4,,91.18,96.67,92.38,73.19,228;0;0;1,time,30,-1,3,30.01,0,4.67,false,false,english,none,normal,false,false,false,,1717159681000
6659c6db3f4cde2f9dfc213a,,92.39,97.88,92.39,72.01,231;0;0;0,time,30,-1,0,30,0,0,false,false,english,none,normal,false,false,false,,1717159643000
6659c6bb3f4cde2f9dfc2004,,85.18,95.96,85.18,69,213;0;0;0,time,30,-1,5,30.01,0,31.14,false,false,english,none,normal,false,false,false,,1717159611000
6659c6793f4cde2f9dfc1d47,,94.39,96.72,94.39,74.46,236;0;0;0,time,30,-1,1,30,0,7.74,false,false,english,none,normal,false,false,false,,1717159545000
6659c6513f4cde2f9dfc1bcc,,81.59,89.74,86.39,69.77,204;5;2;0,time,30,-1,6,30.01,0,22.65,false,false,english,none,normal,false,false,false,,1717159505000
6659c60f3f4cde2f9dfc1900,,73.19,95.36,73.19,74.83,183;0;0;0,time,30,-1,6,30,0,27.56,false,false,english,none,normal,false,false,false,,1717159439000
665949d63f4cde2f9df7cac3,,103.59,97.42,105.99,77.59,259;2;0;0,time,30,-1,1,30,0,2.04,false,false,english,none,normal,false,false,false,,1717127638000
665947b93f4cde2f9df7ba0d,,101.59,96.58,101.59,79.45,254;0;0;0,time,30,-1,2,30,0,7.81,false,false,english,none,normal,false,false,false,,1717127097000
665947183f4cde2f9df7b511,,100.4,97.33,102.8,84.1,251;2;0;0,time,30,-1,0,30,0,0,false,false,english,none,normal,false,false,false,,1717126936000
665946f83f4cde2f9df7b41e,,86.79,93.19,86.79,72.41,217;0;0;0,time,30,-1,1,30,0,0.79,false,false,english,none,normal,false,false,false,,1717126904000
665946d73f4cde2f9df7b323,,95.59,96.5,99.99,77.92,239;1;0;1,time,30,-1,2,30,0,3.75,false,false,english,none,normal,false,false,false,,1717126871000
6659400b3f4cde2f9df77ee8,,102.39,97.36,102.39,73.84,256;0;0;0,time,30,-1,0,30,0,0,false,false,english,none,normal,false,false,false,,1717125131000
66593eef3f4cde2f9df7762d,,84.39,94.62,84.39,75.03,211;0;0;0,time,30,-1,3,30,0,15.3,false,false,english,none,normal,false,false,false,,1717124847000
66593e153f4cde2f9df76fd0,,86.39,95.76,89.99,74.42,216;0;0;2,time,30,-1,7,30,0,63.58,false,false,english,none,normal,false,false,false,,1717124629000
66593d2c3f4cde2f9df7688c,,105.19,98.51,105.19,81.97,263;0;0;0,time,30,-1,8,30,0,15.8,false,false,english,none,normal,false,false,false,,1717124396000
66593c1b3f4cde2f9df76017,,91.2,94.4,96.8,74.39,228;5;1;0,time,30,-1,3,30,0,18.09,false,false,english,none,normal,false,false,false,,1717124123000
66592def3f4cde2f9df6f3ac,,103.99,98.48,104.79,81.35,260;2;0;0,time,30,-1,4,30,0,58.19,false,false,english,none,normal,false,false,false,,1717120495000
66592d923f4cde2f9df6f0c8,,84.39,95.56,86.39,76.21,211;1;0;0,time,30,-1,2,30,0,19.12,false,false,english,none,normal,false,false,false,,1717120402000
66591bbe3f4cde2f9df671f7,,103.99,97.4,103.99,77.06,260;0;0;0,time,30,-1,4,30,0,24.5,false,false,english,none,normal,false,false,false,,1717115838000
6658dcdf3f4cde2f9df4a651,,105.19,97.05,105.19,80.3,263;0;0;0,time,30,-1,3,30,0,8.33,false,false,english,none,normal,false,false,false,,1717099743000
6658d1e33f4cde2f9df43d97,,96.79,98.37,96.79,82.93,242;0;0;0,time,30,-1,3,30,0,12.68,false,false,english,none,normal,false,false,false,,1717096931000
6658d13f3f4cde2f9df4370c,,94.79,97.13,94.79,74.26,237;0;0;0,time,30,-1,10,30,0,89.04,false,false,english,none,normal,false,false,false,,1717096767000
6658d07a3f4cde2f9df42f3c,,79.2,86.36,90.39,69.48,198;11;1;2,time,30,-1,43,30,0,242.19,false,false,english,none,normal,false,false,false,,1717096570000
6658cf223f4cde2f9df42175,,34,82.69,34,58.07,85;0;0;0,time,30,-1,0,30,0,0,false,false,english,none,normal,false,false,false,,1717096226000
6658cf023f4cde2f9df4201a,,93.58,95.62,96.38,66.7,234;0;0;2,time,30,-1,17,30.01,0,66.21,false,false,english,none,normal,false,false,false,,1717096194000
6658ce933f4cde2f9df41bed,,107.99,98.19,109.99,79.13,270;2;0;0,time,30,-1,32,30,0,89,false,false,english,none,normal,false,false,false,,1717096083000
6658cdff3f4cde2f9df4166f,,107.58,98.9,107.58,78.7,269;0;0;0,time,30,-1,12,30,0,77.88,false,false,english,none,normal,false,false,false,,1717095935000
6658cd383f4cde2f9df40e66,,95.19,94.27,98.79,75.1,238;0;0;2,time,30,-1,9,30,0,28.88,false,false,english,none,normal,false,false,false,,1717095736000
6658ccdb3f4cde2f9df40aa3,,104.38,95.65,107.18,73.47,261;4;0;1,time,30,-1,10,30.01,0,41.25,false,false,english,none,normal,false,false,false,,1717095643000
6658cc8a3f4cde2f9df40781,,101.59,97.33,102.79,78.49,254;3;0;0,time,30,-1,61,30,0,364.34,false,false,english,none,normal,false,false,false,,1717095562000
6658bf333f4cde2f9df36e81,,101.99,97.72,101.99,79.03,255;0;0;0,time,30,-1,0,30,0,0,false,false,english,none,normal,false,false,false,,1717092147000
6658bf143f4cde2f9df36cf6,,88.78,93.95,93.58,69.73,222;1;0;2,time,30,-1,2,30.01,0,3.48,false,false,english,none,normal,false,false,false,,1717092116000
6658bedf3f4cde2f9df36a96,true,80.39,97.13,80.39,66.14,201;0;0;0,time,30,-1,4,30,0,13.68,true,true,english,none,normal,false,false,false,,1717092062000
6658bead3f4cde2f9df36844,,72.79,93.33,72.79,57.48,182;0;0;0,time,30,-1,0,30,0,0,true,true,english,none,normal,false,false,false,,1717092013000
6658be833f4cde2f9df36659,true,76.38,93.81,78.38,64.06,191;0;0;1,time,30,-1,0,30.01,0,0,true,true,english,none,normal,false,false,false,,1717091971000
6658be5d3f4cde2f9df36497,,98.79,95.4,98.79,68.86,247;0;0;0,time,30,-1,0,30,0,0,false,false,english,none,normal,false,false,false,,1717091933000
6658bb8c3f4cde2f9df342e8,,103.59,98.49,103.59,79.11,259;0;0;0,time,30,-1,0,30,0,0,false,false,english,none,normal,false,false,false,,1717091212000
6658bb6e3f4cde2f9df3419c,,100.4,96.91,100.4,79.18,251;0;0;0,time,30,-1,2,30,0,4.48,false,false,english,none,normal,false,false,false,,1717091182000
6658b8d33f4cde2f9df321b3,,93.2,96.36,95.6,77.02,233;1;0;0,time,30,-1,0,30,0,0,false,false,english,none,normal,false,false,false,,1717090515000
6658b8b43f4cde2f9df31fec,,98.39,96.88,99.59,76.81,246;1;0;0,time,30,-1,0,30,0,0,false,false,english,none,normal,false,false,false,,1717090484000
6658b7903f4cde2f9df31226,,93.98,95.95,95.98,78.12,235;2;0;0,time,30,-1,4,30,0,17.58,false,false,english,none,normal,false,false,false,,1717090192000
6658b75c3f4cde2f9df30faa,,94.8,96.5,100.4,71.78,237;2;1;0,time,30,-1,1,30,0,1.24,false,false,english,none,normal,false,false,false,,1717090140000
6658b5713f4cde2f9df2f6ee,,79.59,92.44,81.99,68.69,199;0;0;1,time,30,-1,3,30,0,22.1,false,false,english,none,normal,false,false,false,,1717089649000
66589f1c3f4cde2f9df1e3eb,,101.99,98.46,101.99,85.2,255;0;0;0,time,30,-1,4,30,0,11.34,false,false,english,none,normal,false,false,false,,1717083932000
66589eed3f4cde2f9df1e1b3,,99.59,96.91,99.59,73.85,249;0;0;0,time,30,-1,5,30,0,3.97,false,false,english,none,normal,false,false,false,,1717083885000
66589ec53f4cde2f9df1df9a,,94.39,95.62,96.79,77.43,236;1;1;0,time,30,-1,6,30,0,39.89,false,false,english,none,normal,false,false,false,,1717083844000
66589e753f4cde2f9df1dbe3,,89.2,94.58,92.4,65.55,223;2;0;2,time,30,-1,6,30,0,24.93,false,false,english,none,normal,false,false,false,,1717083765000
66589dfc3f4cde2f9df1d5f6,,101.18,97.31,101.18,77.05,253;0;0;0,time,30,-1,1,30.01,0,17.83,false,false,english,none,normal,false,false,false,,1717083644000
665899d53f4cde2f9df1a3b8,,93.98,98.34,93.98,79.8,235;0;0;0,time,30,-1,0,30.01,0,0,false,false,english,none,normal,false,false,false,,1717082581000
665899b63f4cde2f9df1a26f,,96.79,97.58,96.79,75.82,242;0;0;0,time,30,-1,8,30,0,54.08,false,false,english,none,normal,false,false,false,,1717082550000
665881f93f4cde2f9df07ba0,,83.58,93.1,85.98,68.52,209;1;1;0,time,30,-1,11,30.01,0,51.08,false,false,english,none,normal,false,false,false,,1717076473000
6657f7ee3f4cde2f9deb6e82,,99.98,96.58,101.98,80.76,250;2;0;0,time,30,-1,3,30,0,23.48,false,false,english,none,normal,false,false,false,,1717041134000
6657f3783f4cde2f9deb4c71,,89.6,97.41,89.6,74.37,224;0;0;0,time,30,-1,4,30,0,31.18,false,false,english,none,normal,false,false,false,,1717039992000
6657f1903f4cde2f9deb3e05,,107.99,97.5,109.59,80.97,270;1;0;0,time,30,-1,4,30,0,11.67,false,false,english,none,normal,false,false,false,,1717039503000
6657f0303f4cde2f9deb332f,,93.58,95.65,98.38,78.86,234;2;0;1,time,30,-1,12,30.01,0,62.12,false,false,english,none,normal,false,false,false,,1717039152000
6657ef7a3f4cde2f9deb2d71,,90.79,93.9,93.19,75.53,227;2;0;0,time,30,-1,1,30,0,2.22,false,false,english,none,normal,false,false,false,,1717038970000
6657ef593f4cde2f9deb2c62,,93.18,95.88,93.18,69.54,233;0;0;0,time,30,-1,9,30.01,0,47.87,false,false,english,none,normal,false,false,false,,1717038937000
6657cfe73f4cde2f9dea360f,,99.59,96.15,99.59,77.64,249;0;0;0,time,30,-1,0,30,0,0,false,false,english,none,normal,false,false,false,,1717030887000
66579a273f4cde2f9de8a75f,,83.99,92.68,93.58,71.25,210;3;1;1,time,30,-1,0,30.01,0,0,false,false,english,none,normal,false,false,false,,1717017127000
66579a083f4cde2f9de8a65d,,98.38,94.3,98.38,66.6,246;0;0;0,time,30,-1,10,30,0,80.42,false,false,english,none,normal,false,false,false,,1717017096000
665792db3f4cde2f9de8628d,true,108.39,98.91,108.39,82.18,271;0;0;0,time,30,-1,2,30,0,15.93,false,false,english,none,normal,false,false,false,,1717015259000
665792aa3f4cde2f9de8607c,,100.79,98.07,100.79,79.18,252;0;0;0,time,30,-1,0,30,0,0,false,false,english,none,normal,false,false,false,,1717015210000
665792873f4cde2f9de85f2d,,103.19,96.64,103.19,74.82,258;0;0;0,time,30,-1,4,30,0,17.99,false,false,english,none,normal,false,false,false,,1717015175000
665791db3f4cde2f9de85890,,100.79,96.21,100.79,72.73,252;0;0;0,time,30,-1,1,30,0,5.16,false,false,english,none,normal,false,false,false,,1717015003000
665791b63f4cde2f9de8571d,,93.19,95.55,93.59,70.3,233;1;0;0,time,30,-1,0,30,0,0,false,false,english,none,normal,false,false,false,,1717014966000
665791633f4cde2f9de85404,,95.99,96.05,98.79,76.95,240;3;0;1,time,30,-1,0,30,0,0,false,false,english,none,normal,false,false,false,,1717014883000
66577b433f4cde2f9de782d3,,101.59,96.68,103.59,77.77,254;0;1;0,time,30,-1,0,30,0,0,false,false,english,none,normal,false,false,false,,1717009219000
665755223f4cde2f9de5ab38,,97.99,98.05,101.18,79.85,245;0;0;2,time,30,-1,8,30,0,11.15,false,false,english,none,normal,false,false,false,,1716999458000
665754f13f4cde2f9de5a8d9,,94.78,95.97,95.18,76.02,237;1;0;0,time,30,-1,8,30,0,48.06,false,false,english,none,normal,false,false,false,,1716999409000
665751123f4cde2f9de57996,,77.19,90.79,83.99,67.31,193;6;0;0,time,30,-1,0,30,0,0,false,false,english,none,normal,false,false,false,,1716998418000
665750f33f4cde2f9de57805,,97.18,92.78,97.18,72.27,243;0;0;0,time,30,-1,0,30,0,0,false,false,english,none,normal,false,false,false,,1716998387000
665750d43f4cde2f9de57680,,81.18,89.03,81.18,66.62,203;0;0;0,time,30,-1,3,30.01,0,5.24,false,false,english,none,normal,false,false,false,,1716998356000
665750ae3f4cde2f9de574a4,,93.6,94.12,96.4,73.74,234;2;0;0,time,30,-1,5,30,0,23.88,false,false,english,none,normal,false,false,false,,1716998318000
66574dd63f4cde2f9de5510e,,95.59,92.03,107.19,79.49,239;5;4;1,time,30,-1,5,30,0,5.9,false,false,english,none,normal,false,false,false,,1716997590000
66574dad3f4cde2f9de54f05,,89.59,96.61,91.59,77.09,224;1;0;1,time,30,-1,11,30,0,65.34,false,false,english,none,normal,false,false,false,,1716997549000
66574d453f4cde2f9de54985,,103.99,95.7,107.19,79.76,260;2;0;0,time,30,-1,1,30,0,5.03,false,false,english,none,normal,false,false,false,,1716997444000
66574d1d3f4cde2f9de54795,,96.79,97.19,97.19,79.57,242;1;0;0,time,30,-1,0,30,0,0,false,false,english,none,normal,false,false,false,,1716997405000
66574cfd3f4cde2f9de5460f,,92.8,95.51,92.8,75.91,232;0;0;0,time,30,-1,3,30,0,20.18,false,false,english,none,normal,false,false,false,,1716997373000
66574bb83f4cde2f9de535e4,,91.19,89.51,99.19,73.2,228;5;1;2,time,30,-1,9,30,0,64.38,false,false,english,none,normal,false,false,false,,1716997048000
66574b523f4cde2f9de530c8,,87.19,92.91,97.58,69.55,218;4;2;0,time,30,-1,15,30.01,0,86.11,false,false,english,none,normal,false,false,false,,1716996946000
66574ab13f4cde2f9de5286d,,95.18,94.94,97.18,78.54,238;0;1;0,time,30,-1,2,30.01,0,3.57,false,false,english,none,normal,false,false,false,,1716996785000
66574a8c3f4cde2f9de5268f,,107.19,96.42,107.59,76.09,268;1;0;0,time,30,-1,2,30,0,4.03,false,false,english,none,normal,false,false,false,,1716996748000
665749e63f4cde2f9de51de3,,102.39,96.3,104.39,74.83,256;2;0;1,time,30,-1,7,30,0,20.37,false,false,english,none,normal,false,false,false,,1716996582000
665749683f4cde2f9de51790,,90.8,94.26,90.8,73.3,227;0;0;0,time,30,-1,8,30,0,73.54,false,false,english,none,normal,false,false,false,,1716996456000
665748f33f4cde2f9de511d2,,103.19,97.73,103.19,75.56,258;0;0;0,time,30,-1,0,30,0,0,false,false,english,none,normal,false,false,false,,1716996339000
665748d33f4cde2f9de51023,,92.79,95.95,94.79,73.45,232;2;0;0,time,30,-1,2,30,0,7.46,false,false,english,none,normal,false,false,false,,1716996307000
665743073f4cde2f9de4ca7c,,96.4,97.18,96.4,76.85,241;0;0;0,time,30,-1,0,30,0,0,false,false,english,none,normal,false,false,false,,1716994823000
665742e73f4cde2f9de4c8e9,,85.99,92.83,88.39,74.61,215;2;0;1,time,30,-1,2,30,0,3.17,false,false,english,none,normal,false,false,false,,1716994791000
665742c13f4cde2f9de4c723,,92.79,95.08,92.79,72.56,232;0;0;0,time,30,-1,0,30,0,0,false,false,english,none,normal,false,false,false,,1716994752000
665742a23f4cde2f9de4c5b3,,90.78,94.29,90.78,71.01,227;0;0;0,time,30,-1,0,30.01,0,0,false,false,english,none,normal,false,false,false,,1716994722000
66573b8a3f4cde2f9de46d86,,102.4,96.64,104.4,79.78,256;1;0;0,time,30,-1,1,30,0,10.75,false,false,english,none,normal,false,false,false,,1716992906000
66573b5f3f4cde2f9de46b6f,,86.8,96.48,86.8,73.86,217;0;0;0,time,30,-1,3,30,0,8.79,false,false,english,none,normal,false,false,false,,1716992863000
66573b343f4cde2f9de46958,,90.79,94.29,92.79,70.84,227;3;0;1,time,30,-1,1,30,0,11.78,false,false,english,none,normal,false,false,false,,1716992820000
66573b083f4cde2f9de46722,,98.4,96.85,98.4,75.46,246;0;0;0,time,30,-1,0,30,0,0,false,false,english,none,normal,false,false,false,,1716992776000
66573ae93f4cde2f9de4657e,,97.99,98.06,101.19,81.11,245;0;0;1,time,30,-1,4,30,0,5.18,false,false,english,none,normal,false,false,false,,1716992745000
665733183f4cde2f9de400c8,,83.59,91.18,89.99,71.27,209;7;1;0,time,30,-1,3,30,0,48.86,false,false,english,none,normal,false,false,false,,1716990744000
665732c53f4cde2f9de3fca2,,93.19,94.47,95.19,76.15,233;0;0;1,time,30,-1,0,30,0,0,false,false,english,none,normal,false,false,false,,1716990661000
665732293f4cde2f9de3f47a,,92.4,96.27,92.4,76.94,231;0;0;0,time,30,-1,0,30,0,0,false,false,english,none,normal,false,false,false,,1716990505000
665689f33f4cde2f9dddf93c,,94.38,96,96.38,70.72,236;0;0;1,time,30,-1,2,30.01,0,17.03,false,false,english,none,normal,false,false,false,,1716947443000
6656887e3f4cde2f9dddede1,,81.98,92.79,82.78,74.22,205;2;0;0,time,30,-1,0,30.01,0,0,false,false,english,none,normal,false,false,false,,1716947070000
665688023f4cde2f9dddea37,,95.98,96.18,101.18,73.08,240;0;0;2,time,30,-1,3,30.01,0,11.34,false,false,english,none,normal,false,false,false,,1716946946000
665687953f4cde2f9ddde714,,101.19,97.36,103.59,78.11,253;0;0;1,time,30,-1,4,30,0,65.96,false,false,english,none,normal,false,false,false,,1716946837000
6656867f3f4cde2f9ddddf75,,97.58,98.8,97.58,73.95,244;0;0;0,time,30,-1,6,30.01,0,26.27,false,false,english,none,normal,false,false,false,,1716946559000
665684a23f4cde2f9dddd2ca,,99.58,98.81,99.58,79.02,249;0;0;0,time,30,-1,1,30.01,0,2.25,false,false,english,none,normal,false,false,false,,1716946082000
665683183f4cde2f9dddc7d9,,94.79,97.56,94.79,75.33,237;0;0;0,time,30,-1,0,30,0,0,false,false,english,none,normal,false,false,false,,1716945687000
665682b73f4cde2f9dddc50e,,94.78,97.19,97.98,78.64,237;2;0;0,time,30,-1,2,30,0,4.51,false,false,english,none,normal,false,false,false,,1716945591000
66567abc3f4cde2f9ddd8a10,,88.38,94.12,89.58,71.83,221;1;0;0,time,30,-1,0,30.01,0,0,false,false,english,none,normal,false,false,false,,1716943548000
66567a9d3f4cde2f9ddd8941,,82.79,93.75,85.19,63.3,207;1;1;0,time,30,-1,5,30,1,31.83,false,false,english,none,normal,false,false,false,,1716943517000
66564bdb3f4cde2f9ddc4288,,88.38,94.17,88.38,67.73,221;0;0;0,time,30,-1,1,30.01,0,9.57,false,false,english,none,normal,false,false,false,,1716931547000
66564bb13f4cde2f9ddc4142,,94.38,92.91,94.38,69.55,236;0;0;0,time,30,-1,0,30.01,0,0,false,false,english,none,normal,false,false,false,,1716931505000
66564b923f4cde2f9ddc403c,,89.19,93.93,94.79,78.35,223;2;1;0,time,30,-1,14,30,0,81.56,false,false,english,none,normal,false,false,false,,1716931474000
665649b43f4cde2f9ddc30c0,,93.98,96.34,93.98,71.59,235;0;0;0,time,30,-1,0,30.01,0,0,false,false,english,none,normal,false,false,false,,1716930996000
665649943f4cde2f9ddc2fbf,,95.58,94.94,99.18,77.11,239;4;0;0,time,30,-1,3,30.01,0,8.83,false,false,english,none,normal,false,false,false,,1716930964000
665649693f4cde2f9ddc2e57,,94.8,97.53,94.8,82.73,237;0;0;0,time,30,-1,1,30,0,2.7,false,false,english,none,normal,false,false,false,,1716930921000
6656493d3f4cde2f9ddc2cf7,,100.39,97.73,103.59,81.12,251;0;0;1,time,30,-1,1,30,0,1.29,false,false,english,none,normal,false,false,false,,1716930877000
665648e33f4cde2f9ddc2a0a,,88.8,98.67,88.8,79.13,222;0;0;0,time,30,-1,0,30,0,0,false,false,english,none,normal,false,false,false,,1716930787000
665648c43f4cde2f9ddc28ef,,90.39,94.44,96.78,73.99,226;2;0;2,time,30,-1,1,30,0,1.49,false,false,english,none,normal,false,false,false,,1716930756000
665648a23f4cde2f9ddc27d0,,89.98,92.68,91.98,62.05,225;2;0;0,time,30,-1,2,30.01,0,25.93,false,false,english,none,normal,false,false,false,,1716930722000
665648663f4cde2f9ddc25ef,,85.58,95.22,85.58,73.2,214;0;0;0,time,30,-1,0,30.01,0,0,false,false,english,none,normal,false,false,false,,1716930662000
665648463f4cde2f9ddc24f1,,93.19,97.49,93.19,78.63,233;0;0;0,time,30,-1,0,30,0,0,false,false,english,none,normal,false,false,false,,1716930630000
665648263f4cde2f9ddc23cd,,83.6,96.36,85.2,81.59,209;0;0;1,time,30,-1,4,30,0,8.46,false,false,english,none,normal,false,false,false,,1716930598000
665647fa3f4cde2f9ddc2239,,97.2,96.44,97.2,74.44,243;0;0;0,time,30,-1,1,30,0,1.22,false,false,english,none,normal,false,false,false,,1716930554000
665639483f4cde2f9ddba16e,,95.19,97.94,95.19,82.15,238;0;0;0,time,30,-1,5,30,0,38.56,false,false,english,none,normal,false,false,false,,1716926792000
665638fe3f4cde2f9ddb9ede,,94.39,96.81,97.99,83.53,236;0;0;2,time,30,-1,7,30,0,61.01,false,false,english,none,normal,false,false,false,,1716926718000
6656389c3f4cde2f9ddb9b62,,87.6,95.71,89.6,72.85,219;2;0;0,time,30,-1,0,30,0,0,false,false,english,none,normal,false,false,false,,1716926620000
6656387d3f4cde2f9ddb9a40,,85.99,95.26,89.59,75.25,215;2;0;1,time,30,-1,7,30,0,26.66,false,false,english,none,normal,false,false,false,,1716926589000
665630b13f4cde2f9ddb5026,true,107.59,97.82,107.99,76.59,269;1;0;0,time,30,-1,4,30,0,38.63,false,false,english,none,normal,false,false,false,,1716924593000
665630673f4cde2f9ddb4d50,,86.4,96.94,89.19,66.44,216;2;0;0,time,30,-1,0,30,1,0,false,false,english,none,normal,false,false,false,,1716924519000
665630483f4cde2f9ddb4bf4,,89.19,94.49,89.19,73.59,223;0;0;0,time,30,-1,2,30,0,17.91,false,false,english,none,normal,false,false,false,,1716924488000
665630153f4cde2f9ddb49e6,,97.58,98.39,97.58,78.41,244;0;0;0,time,30,-1,2,30.01,0,3.82,false,false,english,none,normal,false,false,false,,1716924437000
66562fef3f4cde2f9ddb484a,,87.99,96.14,87.99,73.26,220;0;0;0,time,30,-1,4,30,0,26.4,false,false,english,none,normal,false,false,false,,1716924399000
66562fb23f4cde2f9ddb45dd,,93.99,95.58,95.99,80.29,235;1;0;0,time,30,-1,1,30,0,1.7,false,false,english,none,normal,false,false,false,,1716924338000
66562f8f3f4cde2f9ddb446d,,96.39,96.02,96.39,77.43,241;0;0;0,time,30,-1,3,30,0,12.77,false,false,english,none,normal,false,false,false,,1716924303000
66562f5e3f4cde2f9ddb425d,,98.79,100,98.79,80.24,247;0;0;0,time,30,-1,0,30,0,0,false,false,english,none,normal,false,false,false,,1716924254000
66562f3e3f4cde2f9ddb4121,,97.59,98.42,100.39,86.08,244;0;2;0,time,30,-1,1,30,0,2.23,false,false,english,none,normal,false,false,false,,1716924222000
66562ed53f4cde2f9ddb3cf3,,100.38,99.6,100.38,86.74,251;0;0;0,time,30,-1,2,30.01,0,10.37,false,false,english,none,normal,false,false,false,,1716924117000
66562ea93f4cde2f9ddb3b40,,93.18,98.32,93.18,76.32,233;0;0;0,time,30,-1,3,30.01,0,19.45,false,false,english,none,normal,false,false,false,,1716924073000
66562e723f4cde2f9ddb390c,,102.38,98.84,102.38,80.51,256;0;0;0,time,30,-1,0,30,0,0,false,false,english,none,normal,false,false,false,,1716924018000
6656140b3f4cde2f9dda0574,,101.58,99.22,101.58,82.17,254;0;0;0,time,30,-1,3,30.01,0,5.92,false,false,english,none,normal,false,false,false,,1716917259000
6643b6cf2b05a65a05330493,,88.39,93.88,91.99,74.11,221;0;0;2,time,30,-1,1,30,0,0.95,false,false,english,none,normal,false,false,false,,1715713743000
6643b6ae2b05a65a053302b3,,84.79,91.85,84.79,64.72,212;0;0;0,time,30,-1,12,30.01,0,52.53,false,false,english,none,normal,false,false,false,,1715713710000
664284ae2b05a65a0525a426,,85.59,90.61,92.39,67.6,214;4;2;1,time,30,-1,3,30,0,3.83,false,false,english,none,normal,false,false,false,,1715635374000
664284862b05a65a0525a2a7,,81.18,90.34,85.98,70.36,203;3;0;0,time,30,-1,3,30.01,0,37.59,false,false,english,none,normal,false,false,false,,1715635334000
6642843b2b05a65a05259ff9,,98.78,96.89,98.78,79.63,247;0;0;0,time,30,-1,0,30.01,0,0,false,false,english,none,normal,false,false,false,,1715635259000
6642840d2b05a65a05259e44,,93.99,96.03,96.39,70.42,235;0;1;0,time,30,-1,2,30,0,2.74,false,false,english,none,normal,false,false,false,,1715635213000
664283e92b05a65a05259d20,,94.79,97.14,94.79,69.34,237;0;0;0,time,30,-1,0,30,0,0,false,false,english,none,normal,false,false,false,,1715635177000
664283c92b05a65a05259c0a,,80.39,93.21,80.39,63.67,201;0;0;0,time,30,-1,0,30,0,0,false,false,english,none,normal,false,false,false,,1715635145000
6642079f866cd8bb79a180bb,,89.59,95.34,89.59,77.8,224;0;0;0,time,30,-1,0,30,0,0,false,false,english,none,normal,false,false,false,,1715603359000
6642077e866cd8bb79a17f26,,88.39,96.1,88.39,67.64,221;0;0;0,time,30,-1,0,30,0,0,false,false,english,none,normal,false,false,false,,1715603326000
6640f1fb866cd8bb79981ffd,,83.6,93.07,85.6,67.64,209;1;0;0,time,30,-1,4,30,0,29.35,false,false,english,none,normal,false,false,false,,1715532283000
663f9a6c866cd8bb798d8db2,,85.6,93.1,86.8,74.59,214;2;0;0,time,30,-1,0,30,0,0,false,false,english,none,normal,false,false,false,,1715444332000
663f9a4c866cd8bb798d8c74,,86.39,93.13,86.39,69.05,216;0;0;0,time,30,-1,0,30,0,0,false,false,english,none,normal,false,false,false,,1715444300000
663e3a20866cd8bb7981161c,,102.4,98.85,102.4,73.27,256;0;0;0,time,30,-1,0,30,0,0,false,false,english,none,normal,false,false,false,,1715354144000
663e3a00866cd8bb79811452,,91.6,95.08,91.6,74.07,229;0;0;0,time,30,-1,0,30,0,0,false,false,english,none,normal,false,false,false,,1715354112000
663e38ff866cd8bb79810574,,92.38,92.19,94.78,68.31,231;0;1;0,time,30,-1,26,30.01,0,106.32,false,false,english,none,normal,false,false,false,,1715353855000
663e3849866cd8bb7980fabd,,84.79,93.25,88.39,70.52,212;3;0;0,time,30,-1,6,30,0,34.64,false,false,english,none,normal,false,false,false,,1715353673000
663e3800866cd8bb7980f69a,,91.58,94.74,94.78,71.49,229;2;1;0,time,30,-1,4,30.01,0,15.92,false,false,english,none,normal,false,false,false,,1715353600000
663e37cc866cd8bb7980f3af,,90.8,94.24,90.8,71.79,227;0;0;0,time,30,-1,2,30,0,6.58,false,false,english,none,normal,false,false,false,,1715353548000
663e37a3866cd8bb7980f167,true,102.78,95.97,104.78,73.33,257;0;1;0,time,30,-1,2,30,0,13.88,false,false,english,none,normal,false,false,false,,1715353507000
6602dd621508496677cfd9f0,,58.48,89.46,58.48,65.79,531;0;0;0,words,100,-1,1,108.97,0,5.92,false,false,english,none,normal,false,false,false,,1711463778000
66017f5f1508496677c22ad9,true,61.24,91.08,62.09,68.53,505;0;1;0,words,100,-1,1,98.96,0,1.67,false,false,english,none,normal,false,false,false,,1711374175000
66017ef71508496677c22580,,53.66,89.72,54.4,65.6,508;0;1;0,words,100,-1,3,113.61,0,7.22,false,false,english,none,normal,false,false,false,,1711374071000
66017e7a1508496677c21f22,,51.86,87.5,51.86,64.4,519;0;0;0,words,100,-1,0,120.09,0,0,false,false,english,none,normal,false,false,false,,1711373946000
65fd8f409c9c7becc57c78e1,,50.35,87.52,50.35,64.78,542;0;0;0,words,100,-1,0,129.17,0,0,false,false,english,none,normal,false,false,false,,1711116096000
65fd8ebd9c9c7becc57c712c,,51.69,88.81,52.2,67.36,503;0;1;0,words,100,-1,0,116.78,0,0,false,false,english,none,normal,false,false,false,,1711115965000
65fd8e479c9c7becc57c6a33,,54.01,89.38,54.32,66.05,518;0;0;1,words,100,-1,0,115.09,0,0,false,false,english,none,normal,false,false,false,,1711115847000
65fd8dd09c9c7becc57c6395,true,57.7,90.54,57.7,69.7,511;0;0;0,words,100,-1,0,106.27,0,0,false,false,english,none,normal,false,false,false,,1711115728000
65fd8d639c9c7becc57c5de6,true,54.15,90.97,54.15,63.89,529;0;0;0,words,100,-1,1,117.23,0,2.2,false,false,english,none,normal,false,false,false,,1711115619000
65fd8a569c9c7becc57c326f,,51.06,89.08,51.56,59.74,514;1;0;0,words,100,-1,0,120.8,0,0,false,false,english,none,normal,false,false,false,,1711114838000
65fb79079c9c7becc568aa7b,true,52.53,91.55,52.53,55.82,525;0;0;0,words,100,-1,1,119.93,0,18.48,false,false,english,none,normal,false,false,false,,1710979335000
65f0c493f3fe859d299c5eb3,,45.2,91.34,45.2,64.09,113;0;0;0,time,30,-1,0,30,0,0,false,false,english,none,normal,false,false,false,,1710277779000
65f0c473f3fe859d299c5d82,,44.4,88.37,44.4,63.91,111;0;0;0,time,30,-1,0,30,0,0,false,false,english,none,normal,false,false,false,,1710277747000
65f0c453f3fe859d299c5c58,,43.6,89.23,46.4,65.1,109;1;0;0,time,30,-1,2,30,0,4.49,false,false,english,none,normal,false,false,false,,1710277715000
65f0c42cf3fe859d299c5ad1,,51.6,93.53,51.6,74.17,129;0;0;0,time,30,-1,0,30,0,0,false,false,english,none,normal,false,false,false,,1710277676000
65f0c40cf3fe859d299c59af,,39.6,85.95,39.6,62.42,99;0;0;0,time,30,-1,0,30,0,0,false,false,english,none,normal,false,false,false,,1710277644000
65ef0572d7bfb8ea5747f337,,52.4,93.2,52.4,65.72,131;0;0;0,time,30,-1,0,30,0,0,false,false,english,none,normal,false,false,false,,1710163314000
65ef0552d7bfb8ea5747f1b8,,47.2,87.94,47.2,63.51,118;0;0;0,time,30,-1,0,30,0,0,false,false,english,none,normal,false,false,false,,1710163282000
65ef0532d7bfb8ea5747f005,,48,91.04,48,70.68,120;0;0;0,time,30,-1,1,30,0,1.69,false,false,english,none,normal,false,false,false,,1710163250000
65ef0510d7bfb8ea5747ee42,,46.8,86.96,46.8,62.53,117;0;0;0,time,30,-1,0,30,0,0,false,false,english,none,normal,false,false,false,,1710163216000
65ef04cfd7bfb8ea5747eb18,,43.59,88.89,43.59,70.26,109;0;0;0,time,30,-1,2,30,0,11.22,false,false,english,none,normal,false,false,false,,1710163151000
65ef04a2d7bfb8ea5747e8be,,44,88.55,46,71.35,110;1;0;0,time,30,-1,2,30,0,2.61,false,false,english,none,normal,false,false,false,,1710163106000
65ef047dd7bfb8ea5747e6d3,,46,90.3,47.6,67.96,115;1;0;0,time,30,-1,0,30,0,0,false,false,english,none,normal,false,false,false,,1710163069000
65ef045ed7bfb8ea5747e520,,42.8,85.82,44.4,63.12,107;0;1;0,time,30,-1,1,30,0,1.82,false,false,english,none,normal,false,false,false,,1710163038000
65ef0438d7bfb8ea5747e348,,48.79,92.81,49.99,71.32,122;1;0;0,time,30,-1,0,30.01,0,0,false,false,english,none,normal,false,false,false,,1710163000000
65ef0418d7bfb8ea5747e18f,,42.8,91.6,42.8,64.07,107;0;0;0,time,30,-1,1,30,0,2.46,false,false,english,none,normal,false,false,false,,1710162968000
65ef03f6d7bfb8ea5747df94,,43.6,88.06,46.8,66.93,109;1;0;0,time,30,-1,0,30,0,0,false,false,english,none,normal,false,false,false,,1710162933000
65ef03d5d7bfb8ea5747ddf9,,47.6,89.71,47.6,67.92,119;0;0;0,time,30,-1,1,30,0,1.53,false,false,english,none,normal,false,false,false,,1710162901000
65ef03b3d7bfb8ea5747dc48,,38.8,84.43,38.8,53.44,97;0;0;0,time,30,-1,0,30,0,0,false,false,english,none,normal,false,false,false,,1710162867000
65ef0347d7bfb8ea5747d6ae,,31.6,79.13,34.8,43.07,79;3;0;1,time,30,-1,0,30,1,0,false,false,english,none,normal,false,false,false,,1710162759000
65ef02e3d7bfb8ea5747d1b2,,42.08,88.2,42.08,63.83,537;0;0;0,words,100,-1,1,153.15,0,0.01,false,false,english,none,normal,false,false,false,,1710162659000
65edc1c3d7bfb8ea573d530d,,37.42,95.47,37.42,68.85,524;0;0;0,words,100,-1,1,168.04,0,63.72,false,false,english,none,normal,false,false,false,,1710080451000
65edc0d0d7bfb8ea573d49bc,,42.38,86.91,42.72,62.75,510;1;0;0,words,100,-1,0,144.39,0,0,false,false,english,none,normal,false,false,false,,1710080208000
65ecd4fcd7bfb8ea573696ca,true,44.35,89.46,44.35,61.83,513;0;0;0,words,100,-1,2,138.81,0,13.71,false,false,english,none,normal,false,false,false,,1710019836000
65ecd45ed7bfb8ea5736921d,,37.56,85.49,37.56,63.11,514;0;0;0,words,100,-1,1,164.2,0,3.93,false,false,english,none,normal,false,false,false,,1710019678000
65e9f987d7bfb8ea571c1b76,true,42.73,89.09,42.73,68.22,531;0;0;0,words,100,-1,1,149.11,0,0.03,false,false,english,none,normal,false,false,false,,1709832583000
65e9f8c8d7bfb8ea571c0fd4,true,40.41,86.45,41.11,63.77,516;2;0;0,words,100,-1,2,153.24,1,33.23,false,false,english,none,normal,false,false,false,,1709832392000
65e75d26d7bfb8ea57ffeae2,,89.99,95.82,89.99,76.75,225;0;0;0,time,30,-1,0,30,0,0,false,false,english,none,normal,false,false,false,,1709661478000
65e75d06d7bfb8ea57ffe922,,85.59,93.48,85.59,74.95,214;0;0;0,time,30,-1,14,30,0,89.55,false,false,english,none,normal,false,false,false,,1709661446000
65e5e43cd7bfb8ea57ef47a4,,91.99,95.12,91.99,66.92,230;0;0;0,time,30,-1,2,30,0,16.22,false,false,english,none,normal,false,false,false,,1709564988000
65e5e40ad7bfb8ea57ef44b0,,96.78,96.47,98.78,78.36,242;0;0;1,time,30,-1,15,30,0,45.65,false,false,english,none,normal,false,false,false,,1709564938000
65e5e3add7bfb8ea57ef3efb,,96.4,96.03,96.4,73.63,241;0;0;0,time,30,-1,8,30,0,23.98,false,false,english,none,normal,false,false,false,,1709564845000
65e4dc8ed7bfb8ea57e5e0c6,,81.59,93.78,83.59,70.84,204;0;0;1,time,30,-1,2,30,0,12.47,false,false,english,none,normal,false,false,false,,1709497486000
65e4dc60d7bfb8ea57e5df39,,78.79,96.23,80.79,65.36,197;0;0;1,time,30,-1,1,30.01,0,1.07,false,false,english,none,normal,false,false,false,,1709497440000
65e4dc36d7bfb8ea57e5dde5,,75.59,91.98,77.59,61.88,189;2;1;0,time,30,-1,1,30,0,2.38,false,false,english,none,normal,false,false,false,,1709497398000
65e4dc10d7bfb8ea57e5dcc5,,84.4,93.53,86,71.49,211;0;0;1,time,30,-1,1,30,0,0.96,false,false,english,none,normal,false,false,false,,1709497360000
65e32389d7bfb8ea57d7bb6a,,94.39,97.94,94.39,78.77,236;0;0;0,time,30,-1,7,30,0,23.64,false,false,english,none,normal,false,false,false,,1709384585000
65e32345d7bfb8ea57d7b8f8,,83.18,94.49,90.78,71.82,208;2;1;2,time,30,-1,1,30.01,0,0.77,false,false,english,none,normal,false,false,false,,1709384517000
65e32323d7bfb8ea57d7b7d5,,86.77,97.31,86.77,74.31,217;0;0;0,time,30,-1,4,30.01,0,28.84,false,false,english,none,normal,false,false,false,,1709384483000
65e322dcd7bfb8ea57d7b595,,61.6,92.31,61.6,54.11,154;0;0;0,time,30,-1,0,30,0,0,true,true,english,none,normal,false,false,false,,1709384412000
65e2f35cd7bfb8ea57d62b37,true,64.8,92.66,64.8,49.2,162;0;0;0,time,30,-1,0,30,0,0,true,true,english,none,normal,false,false,false,,1709372252000
65e2f33bd7bfb8ea57d62a22,,58,92.68,60,53.85,145;1;0;1,time,30,-1,1,30,0,1.26,true,true,english,none,normal,false,false,false,,1709372219000
65e2f31ad7bfb8ea57d62910,,58.39,87.06,59.19,61.27,146;1;0;0,time,30,-1,3,30,0,3.32,true,true,english,none,normal,false,false,false,,1709372186000
65e2f2f1d7bfb8ea57d627e0,,60,91.57,60,65.49,150;0;0;0,time,30,-1,0,30,0,0,true,true,english,none,normal,false,false,false,,1709372145000
65e2f2d1d7bfb8ea57d626d2,true,63.6,95.24,63.6,49.9,159;0;0;0,time,30,-1,1,30,0,1.33,true,true,english,none,normal,false,false,false,,1709372113000
65e2f13ed7bfb8ea57d61aa0,,75.99,91.51,75.99,56.21,190;0;0;0,time,30,-1,2,30,0,11.54,false,false,english,none,normal,false,false,false,,1709371710000
65e2f10dd7bfb8ea57d61916,,30.8,79.81,30.8,61.51,77;0;0;0,time,30,-1,2,30,0,23.16,false,false,english,none,normal,false,false,false,,1709371661000
65e2f0d3d7bfb8ea57d61741,,75.19,90.54,83.99,69.67,188;5;0;1,time,30,-1,1,30,0,15.36,false,false,english,none,normal,false,false,false,,1709371603000
65e2f0a4d7bfb8ea57d615d6,,70.79,88.68,71.59,64.22,177;2;0;0,time,30,-1,5,30.01,0,39.74,false,false,english,none,normal,false,false,false,,1709371556000
65e2f058d7bfb8ea57d6137b,,79.99,92.73,79.99,68.25,200;0;0;0,time,30,-1,2,30,0,2.65,false,false,english,none,normal,false,false,false,,1709371480000
65e2f033d7bfb8ea57d61252,,71.2,92.35,71.2,59.2,178;0;0;0,time,30,-1,1,30,0,13.93,false,false,english,none,normal,false,false,false,,1709371443000
65e20922d7bfb8ea57ce259b,,84.79,96,84.79,71.88,212;0;0;0,time,30,-1,1,30,0,3.79,false,false,english,none,normal,false,false,false,,1709312289000
65e208fdd7bfb8ea57ce2381,,82.39,94.55,82.39,74.29,206;0;0;0,time,30,-1,2,30,0,40.31,false,false,english,none,normal,false,false,false,,1709312253000
65e0da40d7bfb8ea57c220ee,,34.79,86.75,35.15,67.47,572;1;0;0,custom,custom,-1,0,197.3,0,0,false,false,english,none,normal,false,false,false,,1709234752000
65e0d970d7bfb8ea57c21570,true,39.76,88.17,39.76,66.38,525;0;0;0,words,100,-1,2,158.44,0,9.36,false,false,english,none,normal,false,false,false,,1709234544000
65e0c64bd7bfb8ea57c0f03b,,35.75,85.33,35.75,60.11,540;0;0;0,words,100,-1,1,181.24,0,1.25,false,false,english,none,normal,false,false,false,,1709229643000
65e0c590d7bfb8ea57c0e42e,,32.17,83.07,32.17,55.51,501;0;0;0,words,100,-1,0,186.86,1,0,false,false,english,none,normal,false,false,false,,1709229456000
65e0c4d2d7bfb8ea57c0d844,true,36.87,88.18,36.87,62.48,502;0;0;0,words,100,-1,0,163.36,0,0,false,false,english,none,normal,false,false,false,,1709229266000
65e0c42bd7bfb8ea57c0cdf2,true,35.33,87.39,35.33,65.11,508;0;0;0,words,100,-1,1,172.54,0,10.87,false,false,english,none,normal,false,false,false,,1709229099000
65e0c057d7bfb8ea57c09059,,80.79,91.3,85.99,72.78,202;5;0;1,time,30,-1,1,30,0,4.39,false,false,english,none,normal,false,false,false,,1709228119000
65e08b09d4bd2434567ddd42,,85.2,93.53,87.6,69.23,213;1;1;0,time,30,-1,1,30,0,6.76,false,false,english,none,normal,false,false,false,,1709214473000
65de475e2c98ce4374416992,,95.59,97.59,97.59,76.69,239;3;0;0,time,30,-1,0,30,0,0,false,false,english,none,normal,false,false,false,,1709066078000
65de473f2c98ce437441682a,,85.99,93.59,85.99,71.07,215;0;0;0,time,30,-1,6,30,0,18.8,false,false,english,none,normal,false,false,false,,1709066047000
65de47072c98ce437441657e,,86,93.62,87.6,67.36,215;2;0;0,time,30,-1,4,30,0,6.81,false,false,english,none,normal,false,false,false,,1709065991000
65de16e02c98ce43743eae76,,74.39,92.79,77.19,60.1,186;0;1;0,time,30,-1,3,30.01,0,10.03,false,false,english,none,normal,false,false,false,,1709053664000
65de16b32c98ce43743eabbf,,85.19,94.67,85.19,66.5,213;0;0;0,time,30,-1,3,30.01,0,3.32,false,false,english,none,normal,false,false,false,,1709053619000
65de16872c98ce43743ea8f8,,93.58,97.11,93.58,75.22,234;0;0;0,time,30,-1,2,30.01,0,2.58,false,false,english,none,normal,false,false,false,,1709053575000
65de163e2c98ce43743ea484,true,33.93,86.98,33.93,58.61,524;0;0;0,words,100,-1,2,185.34,1,38.32,false,false,english,none,normal,false,false,false,,1709053502000
65de15242c98ce43743e9268,true,98.8,99.2,98.8,81.88,247;0;0;0,time,30,-1,0,30,0,0,false,false,english,none,normal,false,false,false,,1709053219000
65de14f12c98ce43743e8f38,true,26.55,80.97,26.8,52.7,546;1;0;0,words,100,-1,0,246.75,4,0,false,false,english,none,normal,false,false,false,,1709053169000
63b64716a9589d2ea2e55d98,,66,95.6,69.2,61.73,165;1;0;0,time,30,-1,0,30,0,0,false,false,english,none,normal,false,false,false,,1672890134000
63b646f7a9589d2ea2e55cb7,,55.6,89.29,62,53.59,139;5;0;2,time,30,-1,0,30,0,0,false,false,english,none,normal,false,false,false,,1672890103000
63b5912da9589d2ea2d69a9e,,68.4,96.77,74,73.53,171;2;1;0,time,30,-1,0,30,0,0,false,false,english,none,normal,false,false,false,,1672843565000
63b2d639a9589d2ea2bb0f78,true,65.72,95.05,65.72,72.97,211;0;0;0,custom,custom,-1,0,38.53,0,0,false,false,english,none,normal,false,false,false,,1672664633000
63b2d60ca9589d2ea2bb0e1b,true,65.42,96.81,65.42,66.25,182;0;0;0,custom,custom,-1,0,33.38,0,0,false,false,english,none,normal,false,false,false,,1672664588000
63b2d59da9589d2ea2bb0a9a,,56.38,90.57,56.38,64.83,141;0;0;0,time,30,-1,0,30.01,0,0,false,false,english,none,normal,false,false,false,,1672664477000
63b2d414a9589d2ea2b5d141,,70.8,97.81,70.8,66.85,177;0;0;0,time,30,-1,0,30,0,0,false,false,english,none,normal,false,false,false,,1672664084000
63a9a9753bafcbd101b643ee,,75.2,97.45,75.2,57.52,188;0;0;0,time,30,-1,0,30,0,0,false,false,english,none,normal,false,false,false,,1672063349000
63a4cc6e3bafcbd10185d00c,,75.2,96.41,75.2,64.98,188;0;0;0,time,30,-1,0,30,0,0,false,false,english,none,normal,false,false,false,,1671744622000
63a0e1bc3bafcbd101b7ac41,,66.78,94.44,67.98,69.88,167;1;0;0,time,30,-1,0,30.01,0,0,false,false,english,none,normal,false,false,false,,1671487932000
63a0e19c3bafcbd101b7ab62,,72,93.97,74.8,68.27,180;0;0;1,time,30,-1,0,30,0,0,false,false,english,none,normal,false,false,false,,1671487900000
63a0e17c3bafcbd101b7aa75,,60.78,89.71,62.78,54.89,152;0;1;0,time,30,-1,0,30.01,0,0,false,false,english,none,normal,false,false,false,,1671487868000
63a0e15c3bafcbd101b7a990,,76.8,96.06,78.8,74.21,192;1;0;0,time,30,-1,0,30,0,0,false,false,english,none,normal,false,false,false,,1671487836000
6397547c3bafcbd101b501b0,true,82,98.58,82,68.17,205;0;0;0,time,30,-1,0,30,0,0,false,false,english,none,normal,false,false,false,,1670861948000
639754543bafcbd101b4ff8f,true,80.74,98.12,80.74,76.32,261;0;0;0,words,50,-1,1,38.79,0,5.42,false,false,english,none,normal,false,false,false,,1670861908000
639754203bafcbd101b4fcf4,,68.17,94.46,68.17,65.8,254;0;0;0,words,50,-1,0,44.71,0,0,false,false,english,none,normal,false,false,false,,1670861856000
63973f493bafcbd10195c7ae,,64.04,94.37,65.52,61.36,260;1;1;0,words,50,-1,0,48.72,0,0,false,false,english,none,normal,false,false,false,,1670856521000
63973f153bafcbd10195c507,,69,93.82,72.34,67.26,248;1;1;0,words,50,-1,0,43.13,0,0,false,false,english,none,normal,false,false,false,,1670856469000
63973ee43bafcbd10195c295,true,69.01,95.19,70.12,68.05,250;1;1;0,words,50,-1,0,43.47,0,0,false,false,english,none,normal,false,false,false,,1670856420000
63973eb53bafcbd10195c03e,,68.68,94.35,68.68,61.95,265;0;0;0,words,50,-1,0,46.3,0,0,false,false,english,none,normal,false,false,false,,1670856373000
63973e853bafcbd10195bdb1,true,68.74,95.7,70.31,69.37,262;0;0;1,words,50,-1,0,45.74,0,0,false,false,english,none,normal,false,false,false,,1670856325000
639634759c9cda59af30a353,,61.15,95.36,61.15,67.81,264;0;0;0,words,50,-1,0,51.81,0,0,false,false,english,none,normal,false,false,false,,1670788213000
6396343f9c9cda59af30a1e1,,47.8,91.63,47.8,53.46,235;0;0;0,words,50,-1,2,58.99,1,36.72,false,false,english,none,normal,false,false,false,,1670788159000
639632709c9cda59af2b9258,,54.4,89.94,63.6,60.73,136;2;1;2,time,30,-1,0,30,0,0,false,false,english,none,normal,false,false,false,,1670787696000
639611e79c9cda59affd84d4,,72.8,94.33,73.2,77.51,182;1;0;0,time,30,-1,0,30,0,30,false,false,english,none,normal,false,false,false,,1670779367000
639611a49c9cda59affd82cc,,71.2,94.79,74.8,67.83,178;1;2;0,time,30,-1,0,30,0,0,false,false,english,none,normal,false,false,false,,1670779300000
639611859c9cda59affd81c3,,55.2,89.38,55.2,58.57,138;0;0;0,time,30,-1,0,30,0,0,false,false,english,none,normal,false,false,false,,1670779269000
639611539c9cda59affd8051,,63.6,95.24,63.6,60.73,159;0;0;0,time,30,-1,0,30,0,0,false,false,english,none,normal,false,false,false,,1670779219000
639611349c9cda59affd7f5f,,53.6,87.97,56.8,59.62,134;3;2;0,time,30,-1,0,30,0,0,false,false,english,none,normal,false,false,false,,1670779188000
639611149c9cda59affd7e6d,,62,93.45,62,56.64,155;0;0;0,time,30,-1,1,30,0,1.38,false,false,english,none,normal,false,false,false,,1670779156000
639610f19c9cda59affd7d6b,,55.6,95.21,55.6,66.99,139;0;0;0,time,30,-1,0,30,0,0,false,false,english,none,normal,false,false,false,,1670779121000
639610d29c9cda59affd7c75,,59.2,87.5,64.4,61.46,148;5;1;0,time,30,-1,1,30,0,3.36,false,false,english,none,normal,false,false,false,,1670779090000
639610ad9c9cda59affd7b4d,,61.2,93.64,63.2,62.37,153;0;0;1,time,30,-1,0,30,0,0,false,false,english,none,normal,false,false,false,,1670779053000
639607909c9cda59afee2820,,64.78,92.27,67.18,62.34,162;1;0;0,time,30,-1,0,30.01,0,0,false,false,english,none,normal,false,false,false,,1670776720000
639607709c9cda59afee270a,,66.4,90.76,66.4,68.86,166;0;0;0,time,30,-1,0,30,0,0,false,false,english,none,normal,false,false,false,,1670776688000
6396074f9c9cda59afee25d6,,56.4,91.3,56.4,63.85,141;0;0;0,time,30,-1,0,30,0,0,false,false,english,none,normal,false,false,false,,1670776655000
6396072f9c9cda59afee24d0,,63.2,90.86,67.6,63.85,158;1;0;1,time,30,-1,0,30,0,0,false,false,english,none,normal,false,false,false,,1670776623000
639607109c9cda59afee23af,,64,93.37,66.8,60.92,160;0;0;1,time,30,-1,0,30,0,30,false,false,english,none,normal,false,false,false,,1670776592000
639606cf9c9cda59afee217c,,62.8,94.35,62.8,61.53,157;0;0;0,time,30,-1,0,30,0,0,false,false,english,none,normal,false,false,false,,1670776527000
639606b09c9cda59afee2074,,38.4,88.89,40.4,20.77,96;2;0;0,time,30,-1,0,30,7,0,false,false,english,none,normal,false,false,false,,1670776496000
6396068e9c9cda59afee1f65,,79.6,98.51,79.6,77.66,199;0;0;0,time,30,-1,0,30,0,0,false,false,english,none,normal,false,false,false,,1670776462000
6396066e9c9cda59afee1e41,,52.8,86.34,52.8,52.09,132;0;0;0,time,30,-1,0,30,0,30.01,false,false,english,none,normal,false,false,false,,1670776430000
6396062a9c9cda59afee1c00,,57.18,86.29,58.78,51.38,143;0;0;1,time,30,-1,0,30.01,0,0,false,false,english,none,normal,false,false,false,,1670776362000
6394f16d848f506177cd1a05,true,79.6,96.14,79.6,74.53,199;0;0;0,time,30,-1,0,30,0,0,false,false,english,none,normal,false,false,false,,1670705517000
63947d57848f50617724ab10,,53.6,86.23,58.4,59.41,134;3;1;1,time,30,-1,0,30,0,0,false,false,english,none,normal,false,false,false,,1670675799000
63947d37848f50617724aa02,,58.78,85.88,58.78,58.2,147;0;0;0,time,30,-1,0,30.01,0,30,false,false,english,none,normal,false,false,false,,1670675767000
63947cf0848f50617724a7f1,,72.38,95.83,72.38,64.24,181;0;0;0,time,30,-1,0,30.01,0,0,false,false,english,none,normal,false,false,false,,1670675696000
63947cd0848f50617724a708,,68,91.05,68,62.35,170;0;0;0,time,30,-1,0,30,0,0,false,false,english,none,normal,false,false,false,,1670675664000
63947cb0848f50617724a63f,,46,85.51,46,38.3,115;0;0;0,time,30,-1,0,30,4,0,false,false,english,none,normal,false,false,false,,1670675632000
63947c7c848f50617724a4d0,true,75.6,95.52,77.2,71.64,189;0;1;0,time,30,-1,0,30,0,0,false,false,english,none,normal,false,false,false,,1670675580000
6391dd860952d21be8196a33,,66.4,95.03,66.4,59.32,166;0;0;0,time,30,-1,0,30,0,0,false,false,english,none,normal,false,false,false,,1670503814000
6391d74c0952d21be80f3a96,,54.4,89.61,54.4,54.03,136;0;0;0,time,30,-1,0,30,0,0,false,false,english,none,normal,false,false,false,,1670502220000
6391d72c0952d21be80f3981,,53.98,88.62,60.38,58.11,135;3;2;1,time,30,-1,0,30.01,0,0,false,false,english,none,normal,false,false,false,,1670502188000
6391d7040952d21be80f383f,,52,94.89,52,51.55,130;0;0;0,time,30,-1,0,30,0,0,true,false,english,none,normal,false,false,false,,1670502148000
6391d6e20952d21be80f370b,,45.6,89.39,48.4,46.2,114;2;0;0,time,30,-1,0,30,0,0,true,false,english,none,normal,false,false,false,,1670502114000
6391d6c10952d21be80f35d5,true,52.8,93.1,52.8,51.68,132;0;0;0,time,30,-1,0,30,0,0,true,false,english,none,normal,false,false,false,,1670502081000
6391c89e0952d21be8fadf59,,39.59,88.6,39.59,55.29,99;0;0;0,time,30,-1,0,30.01,0,0,true,false,english,none,normal,false,false,false,,1670498462000
6391c7200952d21be8f5d9d0,,31.2,80.58,31.2,34.81,78;0;0;0,time,30,-1,0,30,0,30.01,true,false,english,none,normal,false,false,false,,1670498080000
6391c5840952d21be8f5cd92,,37.6,93.4,39.2,37.74,94;0;1;0,time,30,-1,0,30,0,0,true,false,english,none,normal,false,false,false,,1670497668000
6391c5640952d21be8f5ccab,,45.18,93.39,45.18,41.14,113;0;0;0,time,30,-1,0,30.01,1,0,true,false,english,none,normal,false,false,false,,1670497636000
639137b00952d21be82aa17a,,58,92,66,52.79,145;1;1;1,time,30,-1,0,30,0,0,false,true,english,none,normal,false,false,false,,1670461360000
639136ec0952d21be825a2cd,,56,87.35,56,55.84,140;0;0;0,time,30,-1,0,30,0,0,false,false,english,none,normal,false,false,false,,1670461164000
6391356b0952d21be8259862,,49.35,87.54,52.74,58.83,569;5;1;3,custom,custom,-1,0,138.35,0,0,false,false,english,none,normal,false,false,false,,1670460779000
639134ca0952d21be8259449,,56.75,91.36,61.01,58.88,426;0;0;4,custom,custom,-1,0,90.08,0,0,false,false,english,none,normal,false,false,false,,1670460618000
639134380952d21be82590c2,,71.6,94.27,71.6,68.6,179;0;0;0,time,30,-1,0,30,0,0,false,false,english,none,normal,false,false,false,,1670460472000
639134170952d21be8258ff9,,60.78,89.56,67.98,67.33,152;5;2;0,time,30,-1,0,30.01,0,0,false,false,english,none,normal,false,false,false,,1670460439000
639132bb0952d21be8208c0d,true,74,96.92,76,83.26,185;0;1;0,time,30,-1,0,30,0,0,false,false,english,none,normal,false,false,false,,1670460091000
6391329b0952d21be8208b23,,60.8,89.83,65.6,60.79,152;4;2;0,time,30,-1,0,30,0,0,false,false,english,none,normal,false,false,false,,1670460059000
6391327b0952d21be8208a48,,66.78,94.09,69.58,63.61,167;0;0;1,time,30,-1,1,30.01,0,6.84,false,false,english,none,normal,false,false,false,,1670460027000
639131950952d21be8208442,,66,92.19,72,69.38,165;2;1;0,time,30,-1,0,30,0,0,false,false,english,none,normal,false,false,false,,1670459797000
639131750952d21be820835d,,62.8,89.56,64.8,60.57,157;2;0;0,time,30,-1,0,30,0,0,false,false,english,none,normal,false,false,false,,1670459765000
639131470952d21be820823d,true,63.21,92.79,64.02,58.01,465;0;1;0,custom,custom,-1,0,88.28,0,0,false,false,english,none,normal,false,false,false,,1670459719000
639130e80952d21be8207fbe,,70.8,96.32,74,74.43,177;2;0;0,time,30,-1,0,30,0,0,false,false,english,none,normal,false,false,false,,1670459624000
639130c80952d21be8207eec,,71.2,95.77,71.2,67.7,178;0;0;0,time,30,-1,0,30,0,0,false,false,english,none,normal,false,false,false,,1670459592000
639130a80952d21be8207e0a,,46.8,89.36,46.8,49.72,117;0;0;0,time,30,-1,0,30,1,0,false,false,english,none,normal,false,false,false,,1670459560000
639130880952d21be8207d3d,,58,88.69,58,64.12,145;0;0;0,time,30,-1,0,30,0,0,false,false,english,none,normal,false,false,false,,1670459528000
639130660952d21be8207c65,,71.2,95.7,71.2,73.86,178;0;0;0,time,30,-1,0,30,0,0,false,false,english,none,normal,false,false,false,,1670459494000
639130460952d21be8207b9e,,64.8,95.45,64.8,59.75,162;0;0;0,time,30,-1,0,30,0,0,false,false,english,none,normal,false,false,false,,1670459462000
639130190952d21be8207aa4,true,72,94.42,74,68.63,180;0;0;1,time,30,-1,0,30,0,0,false,false,english,none,normal,false,false,false,,1670459417000
63912ee20952d21be81b78fa,,59.2,91.36,59.2,56.06,148;0;0;0,time,30,-1,0,30,0,0,false,false,english,none,normal,false,false,false,,1670459106000
63912ec20952d21be81b7821,,57.18,95.42,57.18,54.67,143;0;0;0,time,30,-1,0,30.01,0,0,false,false,english,none,normal,false,false,false,,1670459074000
63912b260952d21be8166732,,51.2,88.44,51.2,45.84,128;0;0;0,time,30,-1,0,30,3,0,false,false,english,none,normal,false,false,false,,1670458150000
63912b060952d21be8166674,,62.38,92.66,64.38,57.75,156;0;0;1,time,30,-1,0,30.01,0,0,false,false,english,none,normal,false,false,false,,1670458118000
63912a790952d21be8166309,,60.31,93.08,60.31,47.6,266;0;0;0,words,50,-1,0,52.93,1,0,false,false,english,none,normal,false,false,false,,1670457977000
639127960952d21be8115824,,61.69,92,62.94,66.47,248;0;1;0,words,50,-1,0,48.24,0,0,false,false,english,none,normal,false,false,false,,1670457238000
639127620952d21be81156fc,true,68.21,94.01,68.21,59.14,246;0;0;0,words,50,-1,0,43.28,0,0,false,false,english,none,normal,false,false,false,,1670457186000
639126fc0952d21be81154a3,,56.65,91.29,56.65,52.85,274;0;0;0,words,50,-1,0,58.04,0,0,false,false,english,none,normal,false,false,false,,1670457084000
639124da0952d21be80c4c70,,58.2,92.78,58.2,56.1,264;0;0;0,words,50,-1,0,54.43,0,0,false,false,english,none,normal,false,false,false,,1670456538000
639124320952d21be80c47e9,true,60.91,92.74,60.91,57.1,275;0;0;0,words,50,-1,0,54.18,0,0,false,false,english,none,normal,false,false,false,,1670456370000
639123f40952d21be80c4664,true,59.13,93.43,60.08,59.15,249;0;0;1,words,50,-1,0,50.53,0,0,false,false,english,none,normal,false,false,false,,1670456308000
639120fb0952d21be8073a4f,,30.8,88.51,30.8,29.72,77;0;0;0,time,30,-1,0,30,3,0,true,false,english,none,normal,false,false,false,,1670455547000
639120d50952d21be807397b,true,49.6,91.3,49.6,48.5,124;0;0;0,time,30,-1,0,30,1,0,true,false,english,none,normal,false,false,false,,1670455509000
639120b40952d21be80738b8,,41.59,93.69,41.59,46.06,104;0;0;0,time,30,-1,0,30.01,1,0,true,false,english,none,normal,false,false,false,,1670455476000
6391206e0952d21be8073713,true,45.6,94.31,47.6,45.17,114;2;0;0,time,30,-1,0,30,2,0,true,false,english,none,normal,false,false,false,,1670455406000
639120440952d21be80735e5,true,36.8,89.52,36.8,40.53,92;0;0;0,time,30,-1,0,30,1,0,true,false,english,none,normal,false,false,false,,1670455364000
639120210952d21be8073513,true,36.79,91.35,36.79,35.39,92;0;0;0,time,30,-1,0,30.01,0,0,true,false,english,none,normal,false,false,false,,1670455329000
6390e3ec0952d21be8b06266,,62.06,94.87,65.16,56.75,140;0;0;1,quote,578,1,0,27.07,0,0,false,false,english,none,normal,false,false,false,,1670439916000
6390e18d0952d21be8ab4be9,true,56.73,100,56.96,48.64,248;0;0;0,zen,zen,-1,0,52.46,2,0,true,false,english,none,normal,false,false,false,,1670439309000
6390df860952d21be8ab325b,,31.81,94.11,32.17,6.54,450;1;0;0,custom,custom,-1,0,169.74,77,0,false,false,english,none,normal,false,false,false,,1670438790000
6390ded70952d21be8a6309f,,55.6,91.25,57.6,53.79,139;1;0;0,time,30,-1,0,30,0,0,false,false,english,none,normal,false,false,false,,1670438615000
6390deb60952d21be8a62f14,,67.2,94.12,71.6,70.81,168;2;0;0,time,30,-1,0,30,0,0,false,false,english,none,normal,false,false,false,,1670438582000
6390de950952d21be8a62d48,,60.8,92.98,60.8,64.3,152;0;0;0,time,30,-1,0,30,0,0,false,false,english,none,normal,false,false,false,,1670438549000
6390de740952d21be8a62ba4,,56,89.22,57.6,63.88,140;0;0;1,time,30,-1,0,30,0,0,false,false,english,none,normal,false,false,false,,1670438516000
6390de530952d21be8a629c3,,61.6,92.09,65.6,64.36,154;1;0;1,time,30,-1,0,30,0,0,false,false,english,none,normal,false,false,false,,1670438483000
6390de320952d21be8a627f6,,62.4,90.45,66,61.36,156;3;0;0,time,30,-1,0,30,0,0,false,false,english,none,normal,false,false,false,,1670438450000
6390de0c0952d21be8a625fe,,70.8,97.28,70.8,64.36,177;0;0;0,time,30,-1,0,30,0,0,false,false,english,none,normal,false,false,false,,1670438412000
6390c2c5271656b2cbb7ac11,,60.8,91.38,60.8,58.18,152;0;0;0,time,30,-1,0,30,0,0,false,false,english,none,normal,false,false,false,,1670431429000
6390c2a5271656b2cbb7aa76,,70,95.72,70,65.43,175;0;0;0,time,30,-1,0,30,0,0,false,false,english,none,normal,false,false,false,,1670431397000
6390c284271656b2cbb7a8e9,,66.8,97.7,66.8,70.68,167;0;0;0,time,30,-1,0,30,0,0,false,false,english,none,normal,false,false,false,,1670431364000
6390bcf5271656b2cbb262f8,,60.78,93.83,60.78,63.1,152;0;0;0,time,30,-1,1,30.01,0,8.56,false,false,english,none,normal,false,false,false,,1670429941000
6390bbf7271656b2cbad5c98,,54,89.44,57.6,50.91,135;1;1;0,time,30,-1,0,30,0,0,false,false,english,none,normal,false,false,false,,1670429687000
6390bbd7271656b2cbad5ada,,53.98,89.44,55.98,59.07,135;2;0;0,time,30,-1,0,30.01,0,0,false,false,english,none,normal,false,false,false,,1670429655000
6390bbb7271656b2cbad591e,,67.6,96.05,67.6,66.86,169;0;0;0,time,30,-1,0,30,0,0,false,false,english,none,normal,false,false,false,,1670429623000
6390bb90271656b2cbad56da,true,61.11,90.77,62.5,60,530;4;0;0,custom,custom,-1,0,104.07,0,0,false,false,english,none,normal,false,false,false,,1670429584000
6390bb23271656b2cbad50b7,true,59.41,93.31,60.72,61.5,501;3;0;2,custom,custom,-1,0,101.19,0,0,false,false,english,none,normal,false,false,false,,1670429475000
6390bab3271656b2cbad4a57,,48.8,84.56,48.8,52.29,122;0;0;0,time,30,-1,0,30,0,0,false,false,english,none,normal,false,false,false,,1670429363000
6390ba93271656b2cbad489a,,63.6,96.36,63.6,54.6,159;0;0;0,time,30,-1,0,30,0,0,false,false,english,none,normal,false,false,false,,1670429331000
6390ba72271656b2cbad46cb,,67.2,96.11,68.4,68.38,168;0;0;1,time,30,-1,0,30,0,0,false,false,english,none,normal,false,false,false,,1670429298000
6390ba4e271656b2cbad44ac,,48.78,90.51,48.78,56,122;0;0;0,time,30,-1,0,30.01,0,30.01,false,false,english,none,normal,false,false,false,,1670429262000
6390ba09271656b2cbad40ba,,51.2,92.47,51.2,57.35,128;0;0;0,time,30,-1,0,30,0,0,false,false,english,none,normal,false,false,false,,1670429193000
6390b9e8271656b2cbad3eeb,,50.8,87.84,50.8,59.17,127;0;0;0,time,30,-1,0,30,0,30.01,false,false,english,none,normal,false,false,false,,1670429160000
6390b9a7271656b2cbad3ba4,true,70.8,95.26,70.8,64.39,177;0;0;0,time,30,-1,0,30,0,0,false,false,english,none,normal,false,false,false,,1670429095000
6390b986271656b2cbad39e3,,65.58,93.3,65.58,62.67,164;0;0;0,time,30,-1,0,30.01,0,0,false,false,english,none,normal,false,false,false,,1670429062000
6390b956271656b2cbad3765,,49.64,86.88,50.28,58.22,393;2;0;0,custom,custom,-1,0,95,1,0,false,false,english,none,normal,false,false,false,,1670429014000
6390b8f1271656b2cbad3210,,63.2,92.98,63.2,63.45,158;0;0;0,time,30,-1,0,30,0,0,false,false,english,none,normal,false,false,false,,1670428913000
6390b8d0271656b2cbad3047,,64.8,91.35,68.4,67.28,162;3;0;0,time,30,-1,0,30,0,0,false,false,english,none,normal,false,false,false,,1670428880000
6390b8ae271656b2cbad2e5f,true,69.6,96.17,69.6,70.88,174;0;0;0,time,30,-1,0,30,0,0,false,false,english,none,normal,false,false,false,,1670428846000
6390b88d271656b2cbad2c68,true,68.8,95.68,68.8,66.49,172;0;0;0,time,30,-1,0,30,0,0,false,false,english,none,normal,false,false,false,,1670428813000
6390b86a271656b2cba83152,,65.98,93.89,67.98,56.79,165;1;0;0,time,30,-1,0,30.01,0,0,false,false,english,none,normal,false,false,false,,1670428778000
6390b846271656b2cba82f3a,,64.8,94.32,65.6,67.74,162;1;0;0,time,30,-1,0,30,0,0,false,false,english,none,normal,false,false,false,,1670428742000
6390b825271656b2cba82d4e,,60.8,92.35,60.8,66.42,152;0;0;0,time,30,-1,0,30,0,0,false,false,english,none,normal,false,false,false,,1670428709000
6390b7fe271656b2cba82b23,,65.2,91.57,65.2,62.1,163;0;0;0,time,30,-1,0,30,0,0,false,false,english,none,normal,false,false,false,,1670428670000
6390b7de271656b2cba8294a,,55.98,90.12,55.98,67.37,140;0;0;0,time,30,-1,0,30.01,0,0,false,false,english,none,normal,false,false,false,,1670428638000
6390b7bc271656b2cba8274e,,65.6,97.08,65.6,62.08,164;0;0;0,time,30,-1,0,30,0,0,false,false,english,none,normal,false,false,false,,1670428604000
6390b79a271656b2cba82569,,63.18,95.24,63.18,57.63,158;0;0;0,time,30,-1,0,30.01,0,0,false,false,english,none,normal,false,false,false,,1670428570000
6390b767271656b2cba822c5,,57.2,92.26,57.2,57.9,143;0;0;0,time,30,-1,0,30,0,0,false,false,english,none,normal,false,false,false,,1670428519000
6390b3cb271656b2cba2f820,,54.8,92.73,62.4,65.91,137;1;0;2,time,30,-1,0,30,0,0,false,false,english,none,normal,false,false,false,,1670427595000
6390b3a9271656b2cba2f64e,,59.18,92.17,59.18,59.15,148;0;0;0,time,30,-1,0,30.01,0,0,false,false,english,none,normal,false,false,false,,1670427561000
6390b386271656b2cba2f43c,,66.8,95.45,66.8,63,167;0;0;0,time,30,-1,0,30,0,0,false,false,english,none,normal,false,false,false,,1670427526000
6390b363271656b2cba2f254,,66.4,93.92,66.4,65.11,166;0;0;0,time,30,-1,0,30,0,0,false,false,english,none,normal,false,false,false,,1670427491000
6390b33f271656b2cba2f06e,,49.98,95.42,49.98,29.81,125;0;0;0,time,30,-1,0,30.01,7,0,false,false,english,none,normal,false,false,false,,1670427455000
6390b31c271656b2cba2ee82,,60.38,94.44,60.38,58.73,151;0;0;0,time,30,-1,0,30.01,0,0,false,false,english,none,normal,false,false,false,,1670427420000
6390b2e6271656b2cba2eb9b,true,52.37,92.2,52.37,57.88,539;0;0;0,custom,custom,-1,0,123.5,0,0,false,false,english,none,normal,false,false,false,,1670427366000
6390b259271656b2cba2e3ed,,56.4,90.18,60,55.55,141;1;1;0,time,30,-1,0,30,0,0,false,false,english,none,normal,false,false,false,,1670427225000
6390b232271656b2cba2e1c6,,56,92.4,68,68.9,140;6;0;2,time,30,-1,0,30,0,30,false,false,english,none,normal,false,false,false,,1670427186000
6390b1e8271656b2cba2ddeb,,52.4,93.55,61.6,58.49,131;5;0;1,time,30,-1,0,30,0,30,false,false,english,none,normal,false,false,false,,1670427112000
6390b19d271656b2cba2d9f9,,51.58,80.71,78.37,69.88,129;24;1;4,time,30,-1,0,30.01,0,0,false,false,english,none,normal,false,false,false,,1670427037000
6390b17b271656b2cba2d81d,true,66.8,93.26,77.2,69.26,167;8;0;0,time,30,-1,0,30,0,0,false,false,english,none,normal,false,false,false,,1670427002000
6390b155271656b2cb9ddd28,,56.78,90.29,67.98,65.13,142;8;0;0,time,30,-1,0,30.01,0,0,false,false,english,none,normal,false,false,false,,1670426965000
6390b122271656b2cb9dda6c,,46.8,88.82,64.4,62.91,117;10;2;0,time,30,-1,0,30,0,0,false,false,english,none,normal,false,false,false,,1670426914000
6390abb6271656b2cb989480,,35.59,95.15,41.19,77.84,89;2;1;0,time,30,-1,1,30.01,0,11.93,false,false,english,none,normal,false,false,false,,1670425526000
6390ab72271656b2cb98905e,,28.4,96.3,32.4,80.52,71;1;0;1,time,30,-1,1,30,0,6.8,false,false,english,none,normal,false,false,false,,1670425458000
6390ab3e271656b2cb988d23,,22.4,100,22.4,77.13,56;0;0;0,time,30,-1,0,30,0,0,false,false,english,none,normal,false,false,false,,1670425406000
6390ab14271656b2cb988a5e,,17.99,100,17.99,66.67,45;0;0;0,time,30,-1,1,30.01,0,5.76,false,false,english,none,normal,false,false,false,,1670425364000
6390a9ec271656b2cb938068,,56,93.96,56,62,140;0;0;0,time,30,-1,0,30,0,0,false,false,english,none,normal,false,false,false,,1670425068000
6390a9cc271656b2cb937e91,,59.2,93.25,59.2,55.05,148;0;0;0,time,30,-1,0,30,0,0,false,false,english,none,normal,false,false,false,,1670425036000
6390a9a3271656b2cb937c21,,44.4,93.39,44.4,47.18,111;0;0;0,time,30,-1,2,30,1,53.61,false,false,english,none,normal,false,false,false,,1670424995000
6390a943271656b2cb9376ab,true,63.18,99.38,64.78,69.16,158;0;0;1,time,30,-1,2,30.01,0,16,false,false,english,none,normal,false,false,false,,1670424899000
6390a907271656b2cb937335,,56.78,91.41,65.18,60.35,142;10;0;2,time,30,-1,0,30.01,2,0,false,false,english,none,normal,false,false,false,,1670424839000
6390a8e46cf2de7f14ac5347,,50,83.04,68.4,63.73,125;18;3;1,time,30,-1,0,30,1,0,false,false,english,none,normal,false,false,false,,1670424804000
6390a8c26cf2de7f14ac5157,,50.4,85.45,65.6,66.89,126;14;3;1,time,30,-1,0,30,0,60.01,false,false,english,none,normal,false,false,false,,1670424770000
6390a8426cf2de7f14ac4a3d,,60.78,92.66,70.78,71.52,152;8;1;1,time,30,-1,0,30.01,0,0,false,false,english,none,normal,false,false,false,,1670424642000
6390a81f6cf2de7f14ac484f,,43.6,89.36,56.4,59.6,109;9;0;2,time,30,-1,0,30,0,0,false,false,english,none,normal,false,false,false,,1670424607000
6390a7fe6cf2de7f14ac464f,,39.59,78.81,59.98,42.81,99;21;1;3,time,30,-1,0,30.01,2,0,false,false,english,none,normal,false,false,false,,1670424573000
6390a7c06cf2de7f14ac4315,true,61.2,88.04,73.6,70.31,153;15;3;1,time,30,-1,0,30,0,0,false,false,english,none,normal,false,false,false,,1670424512000
6390a79c6cf2de7f14ac4130,true,56.4,91.21,72.8,66.24,141;9;0;1,time,30,-1,0,30,0,0,false,false,english,none,normal,false,false,false,,1670424476000
6390a7796cf2de7f14ac3f1d,,52.8,89.63,65.6,65.39,132;11;1;1,time,30,-1,0,30,0,0,false,false,english,none,normal,false,false,false,,1670424441000
6390a7576cf2de7f14ac3d3b,,50.38,90.12,64.78,59.57,126;7;3;1,time,30,-1,0,30.01,0,0,false,false,english,none,normal,false,false,false,,1670424407000
6390a7316cf2de7f14ac3b36,,47.2,91.89,59.2,61.58,118;6;0;1,time,30,-1,0,30,0,0,false,false,english,none,normal,false,false,false,,1670424369000
6390a70b6cf2de7f14ac390a,true,54,91.39,60,48.45,135;10;0;0,time,30,-1,0,30,2,0,false,false,english,none,normal,false,false,false,,1670424331000